Date(UTC),"Science Garden Quezon City, Metro Manila Heat.Index.Max.Dly [deg C]"
Source,Climatic observation
01/01/2015 0:00,28.5
02/01/2015 0:00,30.5
03/01/2015 0:00,32.1
04/01/2015 0:00,32
05/01/2015 0:00,33.3
06/01/2015 0:00,33.9
07/01/2015 0:00,32.3
08/01/2015 0:00,30.6
09/01/2015 0:00,29.1
10/01/2015 0:00,29.6
11/01/2015 0:00,29.7
12/01/2015 0:00,31
13/01/2015 0:00,32.1
14/01/2015 0:00,31.1
15/01/2015 0:00,33.2
16/01/2015 0:00,32.5
17/01/2015 0:00,29
18/01/2015 0:00,23.6
19/01/2015 0:00,33.1
20/01/2015 0:00,34.4
21/01/2015 0:00,35.8
22/01/2015 0:00,33.5
23/01/2015 0:00,29.8
24/01/2015 0:00,29.4
25/01/2015 0:00,31.5
26/01/2015 0:00,30.7
27/01/2015 0:00,32.4
28/01/2015 0:00,35
29/01/2015 0:00,33.4
30/01/2015 0:00,29.6
31/01/2015 0:00,30.2
01/02/2015 0:00,28.7
02/02/2015 0:00,33.7
03/02/2015 0:00,30
04/02/2015 0:00,29.5
05/02/2015 0:00,32.9
06/02/2015 0:00,31.4
07/02/2015 0:00,31.7
08/02/2015 0:00,33.7
09/02/2015 0:00,33.5
10/02/2015 0:00,32
11/02/2015 0:00,29.5
12/02/2015 0:00,34.6
13/02/2015 0:00,31.1
14/02/2015 0:00,34.2
15/02/2015 0:00,34.6
16/02/2015 0:00,41.2
17/02/2015 0:00,33.6
18/02/2015 0:00,31.2
19/02/2015 0:00,30
20/02/2015 0:00,30
21/02/2015 0:00,30.6
22/02/2015 0:00,33.8
23/02/2015 0:00,32.3
24/02/2015 0:00,33.6
25/02/2015 0:00,34.2
26/02/2015 0:00,36.7
27/02/2015 0:00,35.4
28/02/2015 0:00,34.4
01/03/2015 0:00,33.3
02/03/2015 0:00,54.2
03/03/2015 0:00,33.2
04/03/2015 0:00,35.4
05/03/2015 0:00,31.8
06/03/2015 0:00,53.1
07/03/2015 0:00,33.9
08/03/2015 0:00,32.2
09/03/2015 0:00,33.8
10/03/2015 0:00,31.1
11/03/2015 0:00,28.2
12/03/2015 0:00,31.3
13/03/2015 0:00,29.5
14/03/2015 0:00,31.9
15/03/2015 0:00,32.7
16/03/2015 0:00,30.6
17/03/2015 0:00,30.6
18/03/2015 0:00,31.4
19/03/2015 0:00,32.8
20/03/2015 0:00,37.6
21/03/2015 0:00,35.6
22/03/2015 0:00,34.3
23/03/2015 0:00,30.3
24/03/2015 0:00,32.2
25/03/2015 0:00,32.3
26/03/2015 0:00,34.7
27/03/2015 0:00,36.1
28/03/2015 0:00,34.1
29/03/2015 0:00,34.8
30/03/2015 0:00,33.8
31/03/2015 0:00,37.3
01/04/2015 0:00,36.6
02/04/2015 0:00,36.4
03/04/2015 0:00,35.3
04/04/2015 0:00,34.8
05/04/2015 0:00,32.9
06/04/2015 0:00,37.5
07/04/2015 0:00,36
08/04/2015 0:00,33.5
09/04/2015 0:00,35.2
10/04/2015 0:00,34.2
11/04/2015 0:00,36
12/04/2015 0:00,35.7
13/04/2015 0:00,35.7
14/04/2015 0:00,36.9
15/04/2015 0:00,34.5
16/04/2015 0:00,43
17/04/2015 0:00,40.8
18/04/2015 0:00,41.4
19/04/2015 0:00,38.2
20/04/2015 0:00,40
21/04/2015 0:00,39.1
22/04/2015 0:00,36.4
23/04/2015 0:00,35.4
24/04/2015 0:00,35.9
25/04/2015 0:00,34.4
26/04/2015 0:00,35.5
27/04/2015 0:00,36.9
28/04/2015 0:00,37.5
29/04/2015 0:00,40.2
30/04/2015 0:00,39.3
01/05/2015 0:00,37.6
02/05/2015 0:00,38.3
03/05/2015 0:00,37.4
04/05/2015 0:00,38.7
05/05/2015 0:00,39.3
06/05/2015 0:00,38.1
07/05/2015 0:00,40.6
08/05/2015 0:00,37.3
09/05/2015 0:00,38.3
10/05/2015 0:00,38.2
11/05/2015 0:00,38.3
12/05/2015 0:00,37.8
13/05/2015 0:00,36.3
14/05/2015 0:00,37.4
15/05/2015 0:00,38
16/05/2015 0:00,38.3
17/05/2015 0:00,37.7
18/05/2015 0:00,35.9
19/05/2015 0:00,37.5
20/05/2015 0:00,38.8
21/05/2015 0:00,39.8
22/05/2015 0:00,38.7
23/05/2015 0:00,38.8
24/05/2015 0:00,39.5
25/05/2015 0:00,38.6
26/05/2015 0:00,39.9
27/05/2015 0:00,37.9
28/05/2015 0:00,38.7
29/05/2015 0:00,38.4
30/05/2015 0:00,37.2
31/05/2015 0:00,40.4
01/06/2015 0:00,40.4
02/06/2015 0:00,39.6
03/06/2015 0:00,39.8
04/06/2015 0:00,45.5
05/06/2015 0:00,38.4
06/06/2015 0:00,40
07/06/2015 0:00,38.9
08/06/2015 0:00,38.6
09/06/2015 0:00,38.3
10/06/2015 0:00,39.7
11/06/2015 0:00,38.2
12/06/2015 0:00,40.6
13/06/2015 0:00,40.1
14/06/2015 0:00,39.1
15/06/2015 0:00,39.3
16/06/2015 0:00,39.5
17/06/2015 0:00,40.3
18/06/2015 0:00,39.5
19/06/2015 0:00,39.6
20/06/2015 0:00,37.5
21/06/2015 0:00,36.2
22/06/2015 0:00,36.8
23/06/2015 0:00,38.2
24/06/2015 0:00,38.8
25/06/2015 0:00,39.2
26/06/2015 0:00,38.2
27/06/2015 0:00,40.7
28/06/2015 0:00,39.3
29/06/2015 0:00,38.7
30/06/2015 0:00,40.5
01/07/2015 0:00,39.4
02/07/2015 0:00,38.4
03/07/2015 0:00,37.2
04/07/2015 0:00,39.4
05/07/2015 0:00,31.8
06/07/2015 0:00,25.7
07/07/2015 0:00,38.5
08/07/2015 0:00,35.8
09/07/2015 0:00,28.8
10/07/2015 0:00,31.5
11/07/2015 0:00,38.3
12/07/2015 0:00,38.6
13/07/2015 0:00,39.4
14/07/2015 0:00,35.7
15/07/2015 0:00,38.2
16/07/2015 0:00,36
17/07/2015 0:00,37.4
18/07/2015 0:00,36
19/07/2015 0:00,40.4
20/07/2015 0:00,38.8
21/07/2015 0:00,37.8
22/07/2015 0:00,38.7
23/07/2015 0:00,36.3
24/07/2015 0:00,36.6
25/07/2015 0:00,39.4
26/07/2015 0:00,36.6
27/07/2015 0:00,36.5
28/07/2015 0:00,36.7
29/07/2015 0:00,35.8
30/07/2015 0:00,36.7
31/07/2015 0:00,38
01/08/2015 0:00,36.7
02/08/2015 0:00,36.5
03/08/2015 0:00,38.5
04/08/2015 0:00,39.4
05/08/2015 0:00,39.2
06/08/2015 0:00,37.8
07/08/2015 0:00,39.7
08/08/2015 0:00,39.1
09/08/2015 0:00,34.5
10/08/2015 0:00,35.8
11/08/2015 0:00,39.3
12/08/2015 0:00,36.6
13/08/2015 0:00,39.2
14/08/2015 0:00,38.4
15/08/2015 0:00,42.8
16/08/2015 0:00,39.7
17/08/2015 0:00,41.1
18/08/2015 0:00,41
19/08/2015 0:00,42.6
20/08/2015 0:00,32.2
21/08/2015 0:00,37
22/08/2015 0:00,34
23/08/2015 0:00,33.3
24/08/2015 0:00,32.1
25/08/2015 0:00,36.8
26/08/2015 0:00,37
27/08/2015 0:00,38.5
28/08/2015 0:00,36.6
29/08/2015 0:00,37
30/08/2015 0:00,36.2
31/08/2015 0:00,36.7
01/09/2015 0:00,38.3
02/09/2015 0:00,36.5
03/09/2015 0:00,40
04/09/2015 0:00,39.6
05/09/2015 0:00,37.4
06/09/2015 0:00,38.6
07/09/2015 0:00,39.8
08/09/2015 0:00,39.4
09/09/2015 0:00,40.4
10/09/2015 0:00,36.5
11/09/2015 0:00,35.5
12/09/2015 0:00,37.4
13/09/2015 0:00,35
14/09/2015 0:00,34.3
15/09/2015 0:00,36.8
16/09/2015 0:00,35.5
17/09/2015 0:00,36.9
18/09/2015 0:00,37.3
19/09/2015 0:00,36.8
20/09/2015 0:00,37.2
21/09/2015 0:00,35.2
22/09/2015 0:00,38.9
23/09/2015 0:00,38.7
24/09/2015 0:00,38.9
25/09/2015 0:00,37.9
26/09/2015 0:00,39.5
27/09/2015 0:00,38.8
28/09/2015 0:00,38.3
29/09/2015 0:00,40.4
30/09/2015 0:00,41.4
01/10/2015 0:00,34.6
02/10/2015 0:00,31.1
03/10/2015 0:00,40.6
04/10/2015 0:00,35.7
05/10/2015 0:00,38.7
06/10/2015 0:00,39.4
07/10/2015 0:00,37
08/10/2015 0:00,41.5
09/10/2015 0:00,38.2
10/10/2015 0:00,38.3
11/10/2015 0:00,36.9
12/10/2015 0:00,38.7
13/10/2015 0:00,36.6
14/10/2015 0:00,34.1
15/10/2015 0:00,36
16/10/2015 0:00,35.4
17/10/2015 0:00,31.6
18/10/2015 0:00,32.3
19/10/2015 0:00,35.8
20/10/2015 0:00,35.4
21/10/2015 0:00,35.3
22/10/2015 0:00,37.7
23/10/2015 0:00,34.6
24/10/2015 0:00,35.7
25/10/2015 0:00,37.5
26/10/2015 0:00,37.4
27/10/2015 0:00,37.1
28/10/2015 0:00,33.5
29/10/2015 0:00,37.2
30/10/2015 0:00,35.9
31/10/2015 0:00,35.7
01/11/2015 0:00,33.7
02/11/2015 0:00,34.8
03/11/2015 0:00,42.4
04/11/2015 0:00,38
05/11/2015 0:00,39.5
06/11/2015 0:00,36.2
07/11/2015 0:00,37.6
08/11/2015 0:00,36.4
09/11/2015 0:00,33.3
10/11/2015 0:00,35.8
11/11/2015 0:00,36.1
12/11/2015 0:00,35.8
13/11/2015 0:00,36.1
14/11/2015 0:00,34.8
15/11/2015 0:00,35.9
16/11/2015 0:00,36.9
17/11/2015 0:00,37.3
18/11/2015 0:00,36.4
19/11/2015 0:00,34
20/11/2015 0:00,34.8
21/11/2015 0:00,33.7
22/11/2015 0:00,36.2
23/11/2015 0:00,32.8
24/11/2015 0:00,36
25/11/2015 0:00,36.1
26/11/2015 0:00,34.1
27/11/2015 0:00,35.1
28/11/2015 0:00,34.9
29/11/2015 0:00,36.1
30/11/2015 0:00,36.8
01/12/2015 0:00,34.6
02/12/2015 0:00,35.9
03/12/2015 0:00,34.4
04/12/2015 0:00,34.1
05/12/2015 0:00,34.7
06/12/2015 0:00,36.7
07/12/2015 0:00,36.3
08/12/2015 0:00,34.5
09/12/2015 0:00,34.3
10/12/2015 0:00,35.5
11/12/2015 0:00,34.3
12/12/2015 0:00,35
13/12/2015 0:00,36.6
14/12/2015 0:00,35.1
15/12/2015 0:00,26.1
16/12/2015 0:00,30.1
17/12/2015 0:00,29.6
18/12/2015 0:00,30.8
19/12/2015 0:00,23
20/12/2015 0:00,33.2
21/12/2015 0:00,37.4
22/12/2015 0:00,34.5
23/12/2015 0:00,34.3
24/12/2015 0:00,35.1
25/12/2015 0:00,32.9
26/12/2015 0:00,32.8
27/12/2015 0:00,34.7
28/12/2015 0:00,32.9
29/12/2015 0:00,32.5
30/12/2015 0:00,32.3
31/12/2015 0:00,31.1
01/01/2016 0:00,32.2
02/01/2016 0:00,34.3
03/01/2016 0:00,34.4
04/01/2016 0:00,34.7
05/01/2016 0:00,32.3
06/01/2016 0:00,32.5
07/01/2016 0:00,31.4
08/01/2016 0:00,31
09/01/2016 0:00,33
10/01/2016 0:00,33.7
11/01/2016 0:00,34.2
12/01/2016 0:00,35
13/01/2016 0:00,35.3
14/01/2016 0:00,34.6
15/01/2016 0:00,32.4
16/01/2016 0:00,33.6
17/01/2016 0:00,34.4
18/01/2016 0:00,35
19/01/2016 0:00,34.3
20/01/2016 0:00,34.8
21/01/2016 0:00,33.7
22/01/2016 0:00,33.7
23/01/2016 0:00,34.7
24/01/2016 0:00,32.3
25/01/2016 0:00,30.6
26/01/2016 0:00,30.5
27/01/2016 0:00,32.4
28/01/2016 0:00,32.8
29/01/2016 0:00,35
30/01/2016 0:00,35.4
31/01/2016 0:00,33.4
01/02/2016 0:00,32.6
02/02/2016 0:00,33.5
03/02/2016 0:00,31.8
04/02/2016 0:00,33.1
05/02/2016 0:00,34.8
06/02/2016 0:00,27.4
07/02/2016 0:00,29.4
08/02/2016 0:00,30.2
09/02/2016 0:00,29.6
10/02/2016 0:00,33.3
11/02/2016 0:00,33.1
12/02/2016 0:00,33.4
13/02/2016 0:00,34
14/02/2016 0:00,32.9
15/02/2016 0:00,31
16/02/2016 0:00,31.7
17/02/2016 0:00,38
18/02/2016 0:00,31
19/02/2016 0:00,33.3
20/02/2016 0:00,32.7
21/02/2016 0:00,33
22/02/2016 0:00,34.3
23/02/2016 0:00,33.9
24/02/2016 0:00,33
25/02/2016 0:00,32.8
26/02/2016 0:00,31.9
27/02/2016 0:00,34.6
28/02/2016 0:00,32.2
29/02/2016 0:00,33
01/03/2016 0:00,33.2
02/03/2016 0:00,30.5
03/03/2016 0:00,33.7
04/03/2016 0:00,32.4
05/03/2016 0:00,36.4
06/03/2016 0:00,36.4
07/03/2016 0:00,37.2
08/03/2016 0:00,36.9
09/03/2016 0:00,38
10/03/2016 0:00,38.1
11/03/2016 0:00,35.7
12/03/2016 0:00,34.5
13/03/2016 0:00,34.9
14/03/2016 0:00,34
15/03/2016 0:00,33.5
16/03/2016 0:00,35.8
17/03/2016 0:00,34.9
18/03/2016 0:00,36.2
19/03/2016 0:00,35.7
20/03/2016 0:00,35.8
21/03/2016 0:00,36.1
22/03/2016 0:00,35.9
23/03/2016 0:00,36.8
24/03/2016 0:00,37.3
25/03/2016 0:00,36.1
26/03/2016 0:00,35.5
27/03/2016 0:00,34.2
28/03/2016 0:00,34.1
29/03/2016 0:00,33.5
30/03/2016 0:00,36.2
31/03/2016 0:00,34.9
01/04/2016 0:00,36.1
02/04/2016 0:00,35.7
03/04/2016 0:00,36.3
04/04/2016 0:00,36.1
05/04/2016 0:00,36.6
06/04/2016 0:00,36.9
07/04/2016 0:00,35.8
08/04/2016 0:00,37.3
09/04/2016 0:00,36.1
10/04/2016 0:00,37.6
11/04/2016 0:00,38.5
12/04/2016 0:00,38.4
13/04/2016 0:00,39.2
14/04/2016 0:00,41.5
15/04/2016 0:00,41.1
16/04/2016 0:00,42.5
17/04/2016 0:00,39.1
18/04/2016 0:00,45.6
19/04/2016 0:00,40.2
20/04/2016 0:00,39
21/04/2016 0:00,41.1
22/04/2016 0:00,38.2
23/04/2016 0:00,38.2
24/04/2016 0:00,39.5
25/04/2016 0:00,39.5
26/04/2016 0:00,38.5
27/04/2016 0:00,37.5
28/04/2016 0:00,39.4
29/04/2016 0:00,39.6
30/04/2016 0:00,39.3
01/05/2016 0:00,40.6
02/05/2016 0:00,39.6
03/05/2016 0:00,39.4
04/05/2016 0:00,38.4
05/05/2016 0:00,37.7
06/05/2016 0:00,39.3
07/05/2016 0:00,39.6
08/05/2016 0:00,38.5
09/05/2016 0:00,39.2
10/05/2016 0:00,39.3
11/05/2016 0:00,37.8
12/05/2016 0:00,36.6
13/05/2016 0:00,38.6
14/05/2016 0:00,37.7
15/05/2016 0:00,39.9
16/05/2016 0:00,38.6
17/05/2016 0:00,38.6
18/05/2016 0:00,38.3
19/05/2016 0:00,36.9
20/05/2016 0:00,38.4
21/05/2016 0:00,41.9
22/05/2016 0:00,41
23/05/2016 0:00,39.5
24/05/2016 0:00,38.5
25/05/2016 0:00,37.8
26/05/2016 0:00,39.2
27/05/2016 0:00,38.7
28/05/2016 0:00,39.1
29/05/2016 0:00,40.8
30/05/2016 0:00,39.2
31/05/2016 0:00,37.6
01/06/2016 0:00,37.8
02/06/2016 0:00,39.8
03/06/2016 0:00,40.1
04/06/2016 0:00,39.5
05/06/2016 0:00,41.5
06/06/2016 0:00,39
07/06/2016 0:00,38.2
08/06/2016 0:00,37.6
09/06/2016 0:00,37.6
10/06/2016 0:00,39.1
11/06/2016 0:00,39.6
12/06/2016 0:00,38.7
13/06/2016 0:00,40.3
14/06/2016 0:00,39.2
15/06/2016 0:00,40.4
16/06/2016 0:00,39.6
17/06/2016 0:00,39.2
18/06/2016 0:00,38.3
19/06/2016 0:00,39.5
20/06/2016 0:00,40.7
21/06/2016 0:00,38.9
22/06/2016 0:00,36
23/06/2016 0:00,40.4
24/06/2016 0:00,39.8
25/06/2016 0:00,40.8
26/06/2016 0:00,38.7
27/06/2016 0:00,36.8
28/06/2016 0:00,39
29/06/2016 0:00,36
30/06/2016 0:00,36.3
01/07/2016 0:00,38.6
02/07/2016 0:00,39.2
03/07/2016 0:00,37.8
04/07/2016 0:00,36.7
05/07/2016 0:00,36
06/07/2016 0:00,36
07/07/2016 0:00,34
08/07/2016 0:00,30.3
09/07/2016 0:00,35
10/07/2016 0:00,34.7
11/07/2016 0:00,36.5
12/07/2016 0:00,38.8
13/07/2016 0:00,38.1
14/07/2016 0:00,38.7
15/07/2016 0:00,39.7
16/07/2016 0:00,40
17/07/2016 0:00,40.7
18/07/2016 0:00,38.3
19/07/2016 0:00,39.9
20/07/2016 0:00,38.2
21/07/2016 0:00,39.2
22/07/2016 0:00,39.4
23/07/2016 0:00,39.5
24/07/2016 0:00,36.7
25/07/2016 0:00,38.2
26/07/2016 0:00,38.5
27/07/2016 0:00,39.6
28/07/2016 0:00,38.5
29/07/2016 0:00,39
30/07/2016 0:00,38.2
31/07/2016 0:00,37.4
01/08/2016 0:00,36.2
02/08/2016 0:00,36.2
03/08/2016 0:00,38.5
04/08/2016 0:00,39.7
05/08/2016 0:00,39.1
06/08/2016 0:00,37.7
07/08/2016 0:00,34.8
08/08/2016 0:00,32
09/08/2016 0:00,28.2
10/08/2016 0:00,31.3
11/08/2016 0:00,34.4
12/08/2016 0:00,31.8
13/08/2016 0:00,29.7
14/08/2016 0:00,36.5
15/08/2016 0:00,38.3
16/08/2016 0:00,34.9
17/08/2016 0:00,39.4
18/08/2016 0:00,39.1
19/08/2016 0:00,37.1
20/08/2016 0:00,37.3
21/08/2016 0:00,36.5
22/08/2016 0:00,37.9
23/08/2016 0:00,35.8
24/08/2016 0:00,37.4
25/08/2016 0:00,36.6
26/08/2016 0:00,39.7
27/08/2016 0:00,36.8
28/08/2016 0:00,36.3
29/08/2016 0:00,34.4
30/08/2016 0:00,36
31/08/2016 0:00,37.8
01/09/2016 0:00,36.7
02/09/2016 0:00,36.9
03/09/2016 0:00,36.9
04/09/2016 0:00,38.5
05/09/2016 0:00,37.2
06/09/2016 0:00,36.7
07/09/2016 0:00,37.8
08/09/2016 0:00,36
09/09/2016 0:00,39
10/09/2016 0:00,40.3
11/09/2016 0:00,38.5
12/09/2016 0:00,38
13/09/2016 0:00,35
14/09/2016 0:00,35.2
15/09/2016 0:00,38.3
16/09/2016 0:00,38.3
17/09/2016 0:00,37.3
18/09/2016 0:00,37.5
19/09/2016 0:00,36.8
20/09/2016 0:00,34.4
21/09/2016 0:00,34.6
22/09/2016 0:00,36.8
23/09/2016 0:00,36.5
24/09/2016 0:00,37.6
25/09/2016 0:00,39.1
26/09/2016 0:00,34.8
27/09/2016 0:00,35.8
28/09/2016 0:00,31.4
29/09/2016 0:00,32.4
30/09/2016 0:00,34.1
01/10/2016 0:00,36.5
02/10/2016 0:00,35.8
03/10/2016 0:00,36
04/10/2016 0:00,34.7
05/10/2016 0:00,35.3
06/10/2016 0:00,34.9
07/10/2016 0:00,35.9
08/10/2016 0:00,36.3
09/10/2016 0:00,36
10/10/2016 0:00,36.2
11/10/2016 0:00,37.3
12/10/2016 0:00,34.5
13/10/2016 0:00,35.7
14/10/2016 0:00,37.1
15/10/2016 0:00,33.4
16/10/2016 0:00,34
17/10/2016 0:00,37
18/10/2016 0:00,37
19/10/2016 0:00,35
20/10/2016 0:00,35.5
21/10/2016 0:00,38.1
22/10/2016 0:00,38.1
23/10/2016 0:00,39.7
24/10/2016 0:00,37
25/10/2016 0:00,36.4
26/10/2016 0:00,35.8
27/10/2016 0:00,36.6
28/10/2016 0:00,36.4
29/10/2016 0:00,36.6
30/10/2016 0:00,37.1
31/10/2016 0:00,37.1
01/11/2016 0:00,35
02/11/2016 0:00,33.6
03/11/2016 0:00,33.7
04/11/2016 0:00,30.7
05/11/2016 0:00,36.2
06/11/2016 0:00,36.9
07/11/2016 0:00,36.9
08/11/2016 0:00,32.7
09/11/2016 0:00,33.9
10/11/2016 0:00,33.8
11/11/2016 0:00,33.3
12/11/2016 0:00,36.6
13/11/2016 0:00,33.3
14/11/2016 0:00,36.8
15/11/2016 0:00,29.7
16/11/2016 0:00,36.4
17/11/2016 0:00,37.5
18/11/2016 0:00,37.9
19/11/2016 0:00,35.3
20/11/2016 0:00,37.9
21/11/2016 0:00,36.2
22/11/2016 0:00,35
23/11/2016 0:00,35.6
24/11/2016 0:00,32.3
25/11/2016 0:00,26.6
26/11/2016 0:00,32.6
27/11/2016 0:00,37.4
28/11/2016 0:00,37.7
29/11/2016 0:00,36.8
30/11/2016 0:00,37.4
01/12/2016 0:00,34.7
02/12/2016 0:00,32.1
03/12/2016 0:00,33.7
04/12/2016 0:00,34.7
05/12/2016 0:00,36.6
06/12/2016 0:00,33.6
07/12/2016 0:00,32.9
08/12/2016 0:00,35.4
09/12/2016 0:00,35
10/12/2016 0:00,34.7
11/12/2016 0:00,35.3
12/12/2016 0:00,35.3
13/12/2016 0:00,31.9
14/12/2016 0:00,32.7
15/12/2016 0:00,30.2
16/12/2016 0:00,31.3
17/12/2016 0:00,30.1
18/12/2016 0:00,31.2
19/12/2016 0:00,33.6
20/12/2016 0:00,35.1
21/12/2016 0:00,33.8
22/12/2016 0:00,35.5
23/12/2016 0:00,32.7
24/12/2016 0:00,33.6
25/12/2016 0:00,32.8
26/12/2016 0:00,34.1
27/12/2016 0:00,37.5
28/12/2016 0:00,35.9
29/12/2016 0:00,36.1
30/12/2016 0:00,34.8
31/12/2016 0:00,34.9
01/01/2017 0:00,32.6
02/01/2017 0:00,31.1
03/01/2017 0:00,32.8
04/01/2017 0:00,33.8
05/01/2017 0:00,31.9
06/01/2017 0:00,31.5
07/01/2017 0:00,32.1
08/01/2017 0:00,30.5
09/01/2017 0:00,32.2
10/01/2017 0:00,29.2
11/01/2017 0:00,31.5
12/01/2017 0:00,31.3
13/01/2017 0:00,33.6
14/01/2017 0:00,32.5
15/01/2017 0:00,31.8
16/01/2017 0:00,30.8
17/01/2017 0:00,31.2
18/01/2017 0:00,31.7
19/01/2017 0:00,31.6
20/01/2017 0:00,31.3
21/01/2017 0:00,32
22/01/2017 0:00,32.1
23/01/2017 0:00,32.1
24/01/2017 0:00,29.9
25/01/2017 0:00,30.1
26/01/2017 0:00,29.2
27/01/2017 0:00,29.5
28/01/2017 0:00,29.9
29/01/2017 0:00,31.5
30/01/2017 0:00,33.7
31/01/2017 0:00,34.9
01/02/2017 0:00,33.2
02/02/2017 0:00,31
03/02/2017 0:00,31.1
04/02/2017 0:00,29.7
05/02/2017 0:00,31.9
06/02/2017 0:00,32.5
07/02/2017 0:00,31.5
08/02/2017 0:00,33
09/02/2017 0:00,31.9
10/02/2017 0:00,29.9
11/02/2017 0:00,29.4
12/02/2017 0:00,30.1
13/02/2017 0:00,26
14/02/2017 0:00,28.5
15/02/2017 0:00,29.7
16/02/2017 0:00,29.8
17/02/2017 0:00,31.1
18/02/2017 0:00,31
19/02/2017 0:00,29.8
20/02/2017 0:00,36.1
21/02/2017 0:00,44.2
22/02/2017 0:00,34.4
23/02/2017 0:00,35.6
24/02/2017 0:00,34.3
25/02/2017 0:00,34.9
26/02/2017 0:00,34.5
27/02/2017 0:00,34.7
28/02/2017 0:00,33.5
01/03/2017 0:00,35
02/03/2017 0:00,31.4
03/03/2017 0:00,31.6
04/03/2017 0:00,29.9
05/03/2017 0:00,33.8
06/03/2017 0:00,34
07/03/2017 0:00,33.1
08/03/2017 0:00,33.8
09/03/2017 0:00,32.2
10/03/2017 0:00,33.1
11/03/2017 0:00,34
12/03/2017 0:00,33.9
13/03/2017 0:00,36.7
14/03/2017 0:00,36.1
15/03/2017 0:00,34
16/03/2017 0:00,33.6
17/03/2017 0:00,33
18/03/2017 0:00,33.3
19/03/2017 0:00,32.8
20/03/2017 0:00,32.6
21/03/2017 0:00,32.4
22/03/2017 0:00,38.2
23/03/2017 0:00,40.1
24/03/2017 0:00,38.5
25/03/2017 0:00,36.8
26/03/2017 0:00,37.3
27/03/2017 0:00,34.9
28/03/2017 0:00,33.3
29/03/2017 0:00,36.3
30/03/2017 0:00,34.4
31/03/2017 0:00,35.1
01/04/2017 0:00,36.6
02/04/2017 0:00,32.5
03/04/2017 0:00,32.6
04/04/2017 0:00,30.5
05/04/2017 0:00,32.3
06/04/2017 0:00,33.9
07/04/2017 0:00,35.9
08/04/2017 0:00,38.3
09/04/2017 0:00,39.2
10/04/2017 0:00,37.6
11/04/2017 0:00,37.5
12/04/2017 0:00,38.5
13/04/2017 0:00,37.7
14/04/2017 0:00,36.9
15/04/2017 0:00,35.5
16/04/2017 0:00,35
17/04/2017 0:00,39.7
18/04/2017 0:00,38
19/04/2017 0:00,38.7
20/04/2017 0:00,40.2
21/04/2017 0:00,39.8
22/04/2017 0:00,38
23/04/2017 0:00,39.7
24/04/2017 0:00,39.1
25/04/2017 0:00,37.6
26/04/2017 0:00,37.9
27/04/2017 0:00,39.7
28/04/2017 0:00,37.7
29/04/2017 0:00,38.3
30/04/2017 0:00,36.7
01/05/2017 0:00,40.3
02/05/2017 0:00,38.9
03/05/2017 0:00,39
04/05/2017 0:00,38.3
05/05/2017 0:00,37.5
06/05/2017 0:00,38.3
07/05/2017 0:00,39.1
08/05/2017 0:00,37.3
09/05/2017 0:00,39.2
10/05/2017 0:00,38.6
11/05/2017 0:00,38.2
12/05/2017 0:00,37.5
13/05/2017 0:00,40.7
14/05/2017 0:00,37
15/05/2017 0:00,38.9
16/05/2017 0:00,38.4
17/05/2017 0:00,39.3
18/05/2017 0:00,41.8
19/05/2017 0:00,42.2
20/05/2017 0:00,39.2
21/05/2017 0:00,38.7
22/05/2017 0:00,39.7
23/05/2017 0:00,39.9
24/05/2017 0:00,40.5
25/05/2017 0:00,36.1
26/05/2017 0:00,41
27/05/2017 0:00,40.6
28/05/2017 0:00,40.9
29/05/2017 0:00,42.6
30/05/2017 0:00,41.2
31/05/2017 0:00,40.7
01/06/2017 0:00,42.6
02/06/2017 0:00,40.3
03/06/2017 0:00,41.6
04/06/2017 0:00,40.5
05/06/2017 0:00,38.2
06/06/2017 0:00,38.2
07/06/2017 0:00,35.9
08/06/2017 0:00,38.8
09/06/2017 0:00,39.1
10/06/2017 0:00,34.5
11/06/2017 0:00,38
12/06/2017 0:00,39.5
13/06/2017 0:00,39.8
14/06/2017 0:00,44
15/06/2017 0:00,40.7
16/06/2017 0:00,40.3
17/06/2017 0:00,41.9
18/06/2017 0:00,39.3
19/06/2017 0:00,39.8
20/06/2017 0:00,38.5
21/06/2017 0:00,38.2
22/06/2017 0:00,38
23/06/2017 0:00,37.4
24/06/2017 0:00,39.7
25/06/2017 0:00,41.1
26/06/2017 0:00,39.7
27/06/2017 0:00,38.4
28/06/2017 0:00,35.2
29/06/2017 0:00,36.3
30/06/2017 0:00,38.7
01/07/2017 0:00,39.6
02/07/2017 0:00,38.9
03/07/2017 0:00,35.8
04/07/2017 0:00,36.3
05/07/2017 0:00,37.4
06/07/2017 0:00,39.9
07/07/2017 0:00,38.9
08/07/2017 0:00,37.8
09/07/2017 0:00,36.9
10/07/2017 0:00,37.5
11/07/2017 0:00,37.1
12/07/2017 0:00,36.3
13/07/2017 0:00,36.8
14/07/2017 0:00,36.7
15/07/2017 0:00,37.6
16/07/2017 0:00,36.2
17/07/2017 0:00,38.3
18/07/2017 0:00,35.5
19/07/2017 0:00,33.6
20/07/2017 0:00,34.6
21/07/2017 0:00,35.8
22/07/2017 0:00,36.8
23/07/2017 0:00,35.8
24/07/2017 0:00,36.2
25/07/2017 0:00,36
26/07/2017 0:00,28.9
27/07/2017 0:00,33.5
28/07/2017 0:00,37.6
29/07/2017 0:00,37.8
30/07/2017 0:00,37.1
31/07/2017 0:00,38.2
01/08/2017 0:00,41.2
02/08/2017 0:00,36
03/08/2017 0:00,35.2
04/08/2017 0:00,37.1
05/08/2017 0:00,37.3
06/08/2017 0:00,38.3
07/08/2017 0:00,42.4
08/08/2017 0:00,38.3
09/08/2017 0:00,38.7
10/08/2017 0:00,40.4
11/08/2017 0:00,40.3
12/08/2017 0:00,39.2
13/08/2017 0:00,40.8
14/08/2017 0:00,37
15/08/2017 0:00,39.4
16/08/2017 0:00,39
17/08/2017 0:00,39.5
18/08/2017 0:00,40.2
19/08/2017 0:00,37
20/08/2017 0:00,35.9
21/08/2017 0:00,33.7
22/08/2017 0:00,35.3
23/08/2017 0:00,37.2
24/08/2017 0:00,34.6
25/08/2017 0:00,32.3
26/08/2017 0:00,35.7
27/08/2017 0:00,38.8
28/08/2017 0:00,40.4
29/08/2017 0:00,38.2
30/08/2017 0:00,39.2
31/08/2017 0:00,34.2
01/09/2017 0:00,36.9
02/09/2017 0:00,37.8
03/09/2017 0:00,38.9
04/09/2017 0:00,38.2
05/09/2017 0:00,34.2
06/09/2017 0:00,37.7
07/09/2017 0:00,39.3
08/09/2017 0:00,40.6
09/09/2017 0:00,39.4
10/09/2017 0:00,39.3
11/09/2017 0:00,31.7
12/09/2017 0:00,29.1
13/09/2017 0:00,37.2
14/09/2017 0:00,40.7
15/09/2017 0:00,38
16/09/2017 0:00,39.8
17/09/2017 0:00,40.1
18/09/2017 0:00,37.9
19/09/2017 0:00,37.7
20/09/2017 0:00,39.2
21/09/2017 0:00,40.4
22/09/2017 0:00,37.6
23/09/2017 0:00,32.8
24/09/2017 0:00,38.1
25/09/2017 0:00,37.8
26/09/2017 0:00,34.9
27/09/2017 0:00,39.1
28/09/2017 0:00,36.8
29/09/2017 0:00,36.1
30/09/2017 0:00,37
01/10/2017 0:00,34.5
02/10/2017 0:00,36.3
03/10/2017 0:00,36.6
04/10/2017 0:00,36.8
05/10/2017 0:00,35.8
06/10/2017 0:00,36.9
07/10/2017 0:00,36
08/10/2017 0:00,32.2
09/10/2017 0:00,32.3
10/10/2017 0:00,36.9
11/10/2017 0:00,37.8
12/10/2017 0:00,38
13/10/2017 0:00,36.2
14/10/2017 0:00,31.1
15/10/2017 0:00,36.1
16/10/2017 0:00,38.4
17/10/2017 0:00,36.1
18/10/2017 0:00,37.4
19/10/2017 0:00,33.9
20/10/2017 0:00,39.1
21/10/2017 0:00,36.5
22/10/2017 0:00,38.8
23/10/2017 0:00,35.8
24/10/2017 0:00,36
25/10/2017 0:00,33.9
26/10/2017 0:00,34.1
27/10/2017 0:00,34.3
28/10/2017 0:00,38
29/10/2017 0:00,36.5
30/10/2017 0:00,35.9
31/10/2017 0:00,29.8
01/11/2017 0:00,24.6
02/11/2017 0:00,31.9
03/11/2017 0:00,36.6
04/11/2017 0:00,32.2
05/11/2017 0:00,34.9
06/11/2017 0:00,38.6
07/11/2017 0:00,35.3
08/11/2017 0:00,38
09/11/2017 0:00,28.6
10/11/2017 0:00,38.3
11/11/2017 0:00,37.3
12/11/2017 0:00,37.9
13/11/2017 0:00,36.5
14/11/2017 0:00,37.2
15/11/2017 0:00,37.7
16/11/2017 0:00,34.1
17/11/2017 0:00,33.5
18/11/2017 0:00,37.4
19/11/2017 0:00,37.1
20/11/2017 0:00,35.9
21/11/2017 0:00,36
22/11/2017 0:00,37.3
23/11/2017 0:00,35.8
24/11/2017 0:00,34.6
25/11/2017 0:00,36.6
26/11/2017 0:00,36.2
27/11/2017 0:00,36.1
28/11/2017 0:00,35.3
29/11/2017 0:00,36.3
30/11/2017 0:00,35.8
01/12/2017 0:00,36.7
02/12/2017 0:00,37.7
03/12/2017 0:00,40.4
04/12/2017 0:00,35.5
05/12/2017 0:00,35.3
06/12/2017 0:00,35.1
07/12/2017 0:00,34.3
08/12/2017 0:00,34.1
09/12/2017 0:00,34
10/12/2017 0:00,33.9
11/12/2017 0:00,33.5
12/12/2017 0:00,32.4
13/12/2017 0:00,33.6
14/12/2017 0:00,32.1
15/12/2017 0:00,28.9
16/12/2017 0:00,28.3
17/12/2017 0:00,28.9
18/12/2017 0:00,28.6
19/12/2017 0:00,30.8
20/12/2017 0:00,33.7
21/12/2017 0:00,31.7
22/12/2017 0:00,32.9
23/12/2017 0:00,33.7
24/12/2017 0:00,36.2
25/12/2017 0:00,34.4
26/12/2017 0:00,34.3
27/12/2017 0:00,29.9
28/12/2017 0:00,34.5
29/12/2017 0:00,30.7
30/12/2017 0:00,31.5
31/12/2017 0:00,31.7
01/01/2018 0:00,30
02/01/2018 0:00,30.3
03/01/2018 0:00,31.6
04/01/2018 0:00,33.7
05/01/2018 0:00,36.1
06/01/2018 0:00,35.1
07/01/2018 0:00,34.5
08/01/2018 0:00,34.6
09/01/2018 0:00,35.4
10/01/2018 0:00,33.9
11/01/2018 0:00,30.9
12/01/2018 0:00,29.1
13/01/2018 0:00,30.8
14/01/2018 0:00,30.6
15/01/2018 0:00,31.4
16/01/2018 0:00,31.5
17/01/2018 0:00,32
18/01/2018 0:00,35.3
19/01/2018 0:00,30.9
20/01/2018 0:00,33.6
21/01/2018 0:00,33.7
22/01/2018 0:00,33.9
23/01/2018 0:00,33.1
24/01/2018 0:00,32.4
25/01/2018 0:00,33.5
26/01/2018 0:00,35
27/01/2018 0:00,28.3
28/01/2018 0:00,30.9
29/01/2018 0:00,32.3
30/01/2018 0:00,33
31/01/2018 0:00,31.5
01/02/2018 0:00,34.9
02/02/2018 0:00,32.8
03/02/2018 0:00,30.3
04/02/2018 0:00,31.8
05/02/2018 0:00,31.6
06/02/2018 0:00,30.5
07/02/2018 0:00,29
08/02/2018 0:00,30.3
09/02/2018 0:00,32.4
10/02/2018 0:00,33.3
11/02/2018 0:00,33.3
12/02/2018 0:00,34.5
13/02/2018 0:00,31.4
14/02/2018 0:00,31.9
15/02/2018 0:00,35.4
16/02/2018 0:00,36.4
17/02/2018 0:00,37.1
18/02/2018 0:00,34.6
19/02/2018 0:00,33.2
20/02/2018 0:00,35.4
21/02/2018 0:00,36.3
22/02/2018 0:00,35.7
23/02/2018 0:00,33.8
24/02/2018 0:00,33.6
25/02/2018 0:00,33.9
26/02/2018 0:00,35.3
27/02/2018 0:00,33.8
28/02/2018 0:00,35.9
01/03/2018 0:00,37.2
02/03/2018 0:00,37.9
03/03/2018 0:00,37.4
04/03/2018 0:00,39
05/03/2018 0:00,45.8
06/03/2018 0:00,39.5
07/03/2018 0:00,35.4
08/03/2018 0:00,34.8
09/03/2018 0:00,32.5
10/03/2018 0:00,31.4
11/03/2018 0:00,31.1
12/03/2018 0:00,32.6
13/03/2018 0:00,32.8
14/03/2018 0:00,33.7
15/03/2018 0:00,34.4
16/03/2018 0:00,37.4
17/03/2018 0:00,35.2
18/03/2018 0:00,38.9
19/03/2018 0:00,36.1
20/03/2018 0:00,37.6
21/03/2018 0:00,36.6
22/03/2018 0:00,37.6
23/03/2018 0:00,34.1
24/03/2018 0:00,31.1
25/03/2018 0:00,30.9
26/03/2018 0:00,31.7
27/03/2018 0:00,31.9
28/03/2018 0:00,32.8
29/03/2018 0:00,33.3
30/03/2018 0:00,33.8
31/03/2018 0:00,31.5
01/04/2018 0:00,32.5
02/04/2018 0:00,33.1
03/04/2018 0:00,34.3
04/04/2018 0:00,32.2
05/04/2018 0:00,32.3
06/04/2018 0:00,34.7
07/04/2018 0:00,35.5
08/04/2018 0:00,34.1
09/04/2018 0:00,34.7
10/04/2018 0:00,38.9
11/04/2018 0:00,37.7
12/04/2018 0:00,37.7
13/04/2018 0:00,38
14/04/2018 0:00,38.4
15/04/2018 0:00,38.6
16/04/2018 0:00,35.7
17/04/2018 0:00,36.6
18/04/2018 0:00,35.4
19/04/2018 0:00,35.3
20/04/2018 0:00,36
21/04/2018 0:00,37.9
22/04/2018 0:00,36.9
23/04/2018 0:00,36.8
24/04/2018 0:00,37.4
25/04/2018 0:00,38
26/04/2018 0:00,37.1
27/04/2018 0:00,37.3
28/04/2018 0:00,37.3
29/04/2018 0:00,38.2
30/04/2018 0:00,39.1
01/05/2018 0:00,42.8
02/05/2018 0:00,40.2
03/05/2018 0:00,38.3
04/05/2018 0:00,37.5
05/05/2018 0:00,34.8
06/05/2018 0:00,38.1
07/05/2018 0:00,37.8
08/05/2018 0:00,38.1
09/05/2018 0:00,38.7
10/05/2018 0:00,37.3
11/05/2018 0:00,37.2
12/05/2018 0:00,38.4
13/05/2018 0:00,39.4
14/05/2018 0:00,38.8
15/05/2018 0:00,37.7
16/05/2018 0:00,39.1
17/05/2018 0:00,39.7
18/05/2018 0:00,37.8
19/05/2018 0:00,38.8
20/05/2018 0:00,38.2
21/05/2018 0:00,40.1
22/05/2018 0:00,35.9
23/05/2018 0:00,39.3
24/05/2018 0:00,37.8
25/05/2018 0:00,35.9
26/05/2018 0:00,39.7
27/05/2018 0:00,41.4
28/05/2018 0:00,40.9
29/05/2018 0:00,39.1
30/05/2018 0:00,39
31/05/2018 0:00,40.3
01/06/2018 0:00,40.9
02/06/2018 0:00,39.1
03/06/2018 0:00,37.3
04/06/2018 0:00,38.4
05/06/2018 0:00,39.9
06/06/2018 0:00,36.3
07/06/2018 0:00,37.2
08/06/2018 0:00,34.6
09/06/2018 0:00,29.1
10/06/2018 0:00,30
11/06/2018 0:00,28.7
12/06/2018 0:00,29.8
13/06/2018 0:00,30.6
14/06/2018 0:00,37.4
15/06/2018 0:00,37.1
16/06/2018 0:00,35.3
17/06/2018 0:00,35.8
18/06/2018 0:00,36.4
19/06/2018 0:00,37
20/06/2018 0:00,38.3
21/06/2018 0:00,37.6
22/06/2018 0:00,36.8
23/06/2018 0:00,38.5
24/06/2018 0:00,38.3
25/06/2018 0:00,35.8
26/06/2018 0:00,34.8
27/06/2018 0:00,38
28/06/2018 0:00,36.6
29/06/2018 0:00,36.6
30/06/2018 0:00,35.5
01/07/2018 0:00,36.4
02/07/2018 0:00,36.5
03/07/2018 0:00,36.5
04/07/2018 0:00,35.9
05/07/2018 0:00,36.5
06/07/2018 0:00,36.9
07/07/2018 0:00,36.2
08/07/2018 0:00,36.9
09/07/2018 0:00,36.4
10/07/2018 0:00,35.5
11/07/2018 0:00,34.7
12/07/2018 0:00,33.8
13/07/2018 0:00,34.9
14/07/2018 0:00,36.7
15/07/2018 0:00,32.8
16/07/2018 0:00,32.9
17/07/2018 0:00,27.1
18/07/2018 0:00,34.1
19/07/2018 0:00,33.1
20/07/2018 0:00,34
21/07/2018 0:00,36
22/07/2018 0:00,27.7
23/07/2018 0:00,30.8
24/07/2018 0:00,34.5
25/07/2018 0:00,35
26/07/2018 0:00,33.4
27/07/2018 0:00,32.2
28/07/2018 0:00,34.6
29/07/2018 0:00,37.6
30/07/2018 0:00,36.9
31/07/2018 0:00,35.8
01/08/2018 0:00,37.9
02/08/2018 0:00,36.8
03/08/2018 0:00,34.7
04/08/2018 0:00,36.8
05/08/2018 0:00,35.9
06/08/2018 0:00,34.1
07/08/2018 0:00,36.3
08/08/2018 0:00,35.5
09/08/2018 0:00,33.3
10/08/2018 0:00,33.1
11/08/2018 0:00,30.7
12/08/2018 0:00,32.2
13/08/2018 0:00,33.2
14/08/2018 0:00,34.8
15/08/2018 0:00,35.8
16/08/2018 0:00,35.8
17/08/2018 0:00,36
18/08/2018 0:00,32.9
19/08/2018 0:00,35
20/08/2018 0:00,32.6
21/08/2018 0:00,35.5
22/08/2018 0:00,35
23/08/2018 0:00,35.5
24/08/2018 0:00,35.1
25/08/2018 0:00,36.6
26/08/2018 0:00,34.7
27/08/2018 0:00,38.5
28/08/2018 0:00,35.5
29/08/2018 0:00,36.6
30/08/2018 0:00,35.1
31/08/2018 0:00,36.2
01/09/2018 0:00,36.7
02/09/2018 0:00,36.3
03/09/2018 0:00,34.4
04/09/2018 0:00,34.5
05/09/2018 0:00,35.2
06/09/2018 0:00,35.5
07/09/2018 0:00,31.9
08/09/2018 0:00,37.6
09/09/2018 0:00,37.1
10/09/2018 0:00,38.4
11/09/2018 0:00,35.5
12/09/2018 0:00,36.4
13/09/2018 0:00,36.8
14/09/2018 0:00,34.3
15/09/2018 0:00,31.8
16/09/2018 0:00,35.7
17/09/2018 0:00,38
18/09/2018 0:00,36
19/09/2018 0:00,36.8
20/09/2018 0:00,38.6
21/09/2018 0:00,34.1
22/09/2018 0:00,36.1
23/09/2018 0:00,38.2
24/09/2018 0:00,37.5
25/09/2018 0:00,37.9
26/09/2018 0:00,38.6
27/09/2018 0:00,35.5
28/09/2018 0:00,37.2
29/09/2018 0:00,36.2
30/09/2018 0:00,37
01/10/2018 0:00,37.4
02/10/2018 0:00,37
03/10/2018 0:00,35.1
04/10/2018 0:00,36
05/10/2018 0:00,36.5
06/10/2018 0:00,36.2
07/10/2018 0:00,36.6
08/10/2018 0:00,36.8
09/10/2018 0:00,37
10/10/2018 0:00,35.5
11/10/2018 0:00,37.2
12/10/2018 0:00,38.4
13/10/2018 0:00,37.8
14/10/2018 0:00,36
15/10/2018 0:00,39.3
16/10/2018 0:00,35.5
17/10/2018 0:00,38.7
18/10/2018 0:00,38.1
19/10/2018 0:00,36.5
20/10/2018 0:00,35.8
21/10/2018 0:00,37.7
22/10/2018 0:00,36.6
23/10/2018 0:00,36.5
24/10/2018 0:00,35.6
25/10/2018 0:00,36.5
26/10/2018 0:00,36.4
27/10/2018 0:00,36.6
28/10/2018 0:00,35.3
29/10/2018 0:00,29.7
30/10/2018 0:00,30.5
31/10/2018 0:00,37
01/11/2018 0:00,37.4
02/11/2018 0:00,38.4
03/11/2018 0:00,37.6
04/11/2018 0:00,40.2
05/11/2018 0:00,35.2
06/11/2018 0:00,36.5
07/11/2018 0:00,34.6
08/11/2018 0:00,34.6
09/11/2018 0:00,33
10/11/2018 0:00,33.5
11/11/2018 0:00,34.8
12/11/2018 0:00,35
13/11/2018 0:00,35.7
14/11/2018 0:00,35.3
15/11/2018 0:00,35
16/11/2018 0:00,34.9
17/11/2018 0:00,34.7
18/11/2018 0:00,35.8
19/11/2018 0:00,33.6
20/11/2018 0:00,33.1
21/11/2018 0:00,31
22/11/2018 0:00,35
23/11/2018 0:00,35.8
24/11/2018 0:00,33.5
25/11/2018 0:00,34.3
26/11/2018 0:00,33.8
27/11/2018 0:00,33.7
28/11/2018 0:00,34.3
29/11/2018 0:00,34.2
30/11/2018 0:00,31.9
01/12/2018 0:00,32.9
02/12/2018 0:00,34.6
03/12/2018 0:00,35.4
04/12/2018 0:00,35.4
05/12/2018 0:00,36.1
06/12/2018 0:00,41.2
07/12/2018 0:00,35.2
08/12/2018 0:00,35
09/12/2018 0:00,33.7
10/12/2018 0:00,34.1
11/12/2018 0:00,35.6
12/12/2018 0:00,34.5
13/12/2018 0:00,33.2
14/12/2018 0:00,31.8
15/12/2018 0:00,32.9
16/12/2018 0:00,32.9
17/12/2018 0:00,32.6
18/12/2018 0:00,33
19/12/2018 0:00,32.4
20/12/2018 0:00,31.9
21/12/2018 0:00,31.9
22/12/2018 0:00,35.2
23/12/2018 0:00,26.1
24/12/2018 0:00,30.1
25/12/2018 0:00,35
26/12/2018 0:00,33.6
27/12/2018 0:00,33.5
28/12/2018 0:00,32.3
29/12/2018 0:00,24.8
30/12/2018 0:00,27
31/12/2018 0:00,27.6
01/01/2019 0:00,33.4
02/01/2019 0:00,32.5
03/01/2019 0:00,33.7
04/01/2019 0:00,33.2
05/01/2019 0:00,35.1
06/01/2019 0:00,33.9
07/01/2019 0:00,31.2
08/01/2019 0:00,32.8
09/01/2019 0:00,32.2
10/01/2019 0:00,36
11/01/2019 0:00,34.6
12/01/2019 0:00,32.3
13/01/2019 0:00,31.6
14/01/2019 0:00,31.9
15/01/2019 0:00,32.2
16/01/2019 0:00,31.7
17/01/2019 0:00,31.4
18/01/2019 0:00,30.7
19/01/2019 0:00,32.5
20/01/2019 0:00,33.1
21/01/2019 0:00,30
22/01/2019 0:00,31.6
23/01/2019 0:00,31.1
24/01/2019 0:00,31.9
25/01/2019 0:00,30.9
26/01/2019 0:00,28.9
27/01/2019 0:00,28
28/01/2019 0:00,27.4
29/01/2019 0:00,27.6
30/01/2019 0:00,29.1
31/01/2019 0:00,29.9
01/02/2019 0:00,28.8
02/02/2019 0:00,31.2
03/02/2019 0:00,31.8
04/02/2019 0:00,32.6
05/02/2019 0:00,32.6
06/02/2019 0:00,32.4
07/02/2019 0:00,30.7
08/02/2019 0:00,33.3
09/02/2019 0:00,33.7
10/02/2019 0:00,33.3
11/02/2019 0:00,32.3
12/02/2019 0:00,31.5
13/02/2019 0:00,30.2
14/02/2019 0:00,31.3
15/02/2019 0:00,31.5
16/02/2019 0:00,33
17/02/2019 0:00,33.7
18/02/2019 0:00,33
19/02/2019 0:00,33.2
20/02/2019 0:00,32.3
21/02/2019 0:00,31.5
22/02/2019 0:00,33
23/02/2019 0:00,31.8
24/02/2019 0:00,30.8
25/02/2019 0:00,31.7
26/02/2019 0:00,31.2
27/02/2019 0:00,32.1
28/02/2019 0:00,32.1
01/03/2019 0:00,32.7
02/03/2019 0:00,31.6
03/03/2019 0:00,33.2
04/03/2019 0:00,35.1
05/03/2019 0:00,34
06/03/2019 0:00,35.8
07/03/2019 0:00,34.4
08/03/2019 0:00,34
09/03/2019 0:00,33.8
10/03/2019 0:00,32.1
11/03/2019 0:00,33.6
12/03/2019 0:00,35.1
13/03/2019 0:00,35.1
14/03/2019 0:00,33.3
15/03/2019 0:00,33.6
16/03/2019 0:00,32.7
17/03/2019 0:00,33.3
18/03/2019 0:00,35.4
19/03/2019 0:00,35.4
20/03/2019 0:00,34.7
21/03/2019 0:00,35
22/03/2019 0:00,34.8
23/03/2019 0:00,35.1
24/03/2019 0:00,33.2
25/03/2019 0:00,32.7
26/03/2019 0:00,33.5
27/03/2019 0:00,35.3
28/03/2019 0:00,35.5
29/03/2019 0:00,36
30/03/2019 0:00,36
31/03/2019 0:00,34.8
01/04/2019 0:00,34.9
02/04/2019 0:00,33.2
03/04/2019 0:00,34.1
04/04/2019 0:00,34.9
05/04/2019 0:00,36.7
06/04/2019 0:00,36.9
07/04/2019 0:00,38.7
08/04/2019 0:00,38.2
09/04/2019 0:00,37
10/04/2019 0:00,39.1
11/04/2019 0:00,37.9
12/04/2019 0:00,38.9
13/04/2019 0:00,39.6
14/04/2019 0:00,37.6
15/04/2019 0:00,35.7
16/04/2019 0:00,36.6
17/04/2019 0:00,38.4
18/04/2019 0:00,39.5
19/04/2019 0:00,39.8
20/04/2019 0:00,37.9
21/04/2019 0:00,38.7
22/04/2019 0:00,39.3
23/04/2019 0:00,37.1
24/04/2019 0:00,38.7
25/04/2019 0:00,36.9
26/04/2019 0:00,38.8
27/04/2019 0:00,38
28/04/2019 0:00,37.2
29/04/2019 0:00,37.4
30/04/2019 0:00,36.4
01/05/2019 0:00,39.5
02/05/2019 0:00,40.1
03/05/2019 0:00,38.4
04/05/2019 0:00,37.2
05/05/2019 0:00,37.6
06/05/2019 0:00,36
07/05/2019 0:00,37.8
08/05/2019 0:00,38
09/05/2019 0:00,39.6
10/05/2019 0:00,38.3
11/05/2019 0:00,37.7
12/05/2019 0:00,37.4
13/05/2019 0:00,40.6
14/05/2019 0:00,40.6
15/05/2019 0:00,40.5
16/05/2019 0:00,39.7
17/05/2019 0:00,39.4
18/05/2019 0:00,40.5
19/05/2019 0:00,42.1
20/05/2019 0:00,40.8
21/05/2019 0:00,40.3
22/05/2019 0:00,41.8
23/05/2019 0:00,40.8
24/05/2019 0:00,37.7
25/05/2019 0:00,36.8
26/05/2019 0:00,38.4
27/05/2019 0:00,38.1
28/05/2019 0:00,38.9
29/05/2019 0:00,38.8
30/05/2019 0:00,39.7
31/05/2019 0:00,39.9
01/06/2019 0:00,40.3
02/06/2019 0:00,39.8
03/06/2019 0:00,40.2
04/06/2019 0:00,42.1
05/06/2019 0:00,38.1
06/06/2019 0:00,39.1
07/06/2019 0:00,40.4
08/06/2019 0:00,39.1
09/06/2019 0:00,38.4
10/06/2019 0:00,39
11/06/2019 0:00,39.1
12/06/2019 0:00,38.6
13/06/2019 0:00,38.7
14/06/2019 0:00,38.9
15/06/2019 0:00,38.2
16/06/2019 0:00,41.2
17/06/2019 0:00,41.1
18/06/2019 0:00,40.7
19/06/2019 0:00,39.2
20/06/2019 0:00,41
21/06/2019 0:00,42
22/06/2019 0:00,41.4
23/06/2019 0:00,41.4
24/06/2019 0:00,38.3
25/06/2019 0:00,37.9
26/06/2019 0:00,37.8
27/06/2019 0:00,36.9
28/06/2019 0:00,30.5
29/06/2019 0:00,33.1
30/06/2019 0:00,37.3
01/07/2019 0:00,32.9
02/07/2019 0:00,35.5
03/07/2019 0:00,38.6
04/07/2019 0:00,38.5
05/07/2019 0:00,38.2
06/07/2019 0:00,37.2
07/07/2019 0:00,38
08/07/2019 0:00,36.6
09/07/2019 0:00,38.2
10/07/2019 0:00,38
11/07/2019 0:00,38.7
12/07/2019 0:00,39
13/07/2019 0:00,39.3
14/07/2019 0:00,38.4
15/07/2019 0:00,34.8
16/07/2019 0:00,34.2
17/07/2019 0:00,34
18/07/2019 0:00,33.6
19/07/2019 0:00,37.2
20/07/2019 0:00,38.3
21/07/2019 0:00,37.6
22/07/2019 0:00,37.2
23/07/2019 0:00,36.9
24/07/2019 0:00,37.7
25/07/2019 0:00,38.5
26/07/2019 0:00,36.3
27/07/2019 0:00,34.8
28/07/2019 0:00,32.3
29/07/2019 0:00,35.9
30/07/2019 0:00,34.3
31/07/2019 0:00,37.5
01/08/2019 0:00,38.2
02/08/2019 0:00,34.1
03/08/2019 0:00,29
04/08/2019 0:00,34.6
05/08/2019 0:00,35.8
06/08/2019 0:00,35
07/08/2019 0:00,33.1
08/08/2019 0:00,32.4
09/08/2019 0:00,32.1
10/08/2019 0:00,36.4
11/08/2019 0:00,36.3
12/08/2019 0:00,37.1
13/08/2019 0:00,36.3
14/08/2019 0:00,36.8
15/08/2019 0:00,35.8
16/08/2019 0:00,37.8
17/08/2019 0:00,38.4
18/08/2019 0:00,37.4
19/08/2019 0:00,38.2
20/08/2019 0:00,38.7
21/08/2019 0:00,36.2
22/08/2019 0:00,35
23/08/2019 0:00,33.7
24/08/2019 0:00,34.8
25/08/2019 0:00,36
26/08/2019 0:00,38.6
27/08/2019 0:00,30.6
28/08/2019 0:00,34.8
29/08/2019 0:00,33.9
30/08/2019 0:00,34.1
31/08/2019 0:00,35.2
01/09/2019 0:00,36.3
02/09/2019 0:00,33.5
03/09/2019 0:00,34.8
04/09/2019 0:00,35.9
05/09/2019 0:00,36.2
06/09/2019 0:00,36.2
07/09/2019 0:00,36.3
08/09/2019 0:00,36.7
09/09/2019 0:00,34.1
10/09/2019 0:00,31.9
11/09/2019 0:00,34.8
12/09/2019 0:00,28.4
13/09/2019 0:00,34.6
14/09/2019 0:00,36.4
15/09/2019 0:00,34.1
16/09/2019 0:00,30.8
17/09/2019 0:00,32.8
18/09/2019 0:00,33.5
19/09/2019 0:00,33.3
20/09/2019 0:00,34.1
21/09/2019 0:00,32.8
22/09/2019 0:00,35.1
23/09/2019 0:00,39.6
24/09/2019 0:00,35.8
25/09/2019 0:00,39.9
26/09/2019 0:00,38.9
27/09/2019 0:00,37.2
28/09/2019 0:00,38.3
29/09/2019 0:00,38.3
30/09/2019 0:00,37.7
01/10/2019 0:00,37.8
02/10/2019 0:00,38
03/10/2019 0:00,34.4
04/10/2019 0:00,34.1
05/10/2019 0:00,36.5
06/10/2019 0:00,36.9
07/10/2019 0:00,37.3
08/10/2019 0:00,35.9
09/10/2019 0:00,36.3
10/10/2019 0:00,37.4
11/10/2019 0:00,36.4
12/10/2019 0:00,36.6
13/10/2019 0:00,34.3
14/10/2019 0:00,35
15/10/2019 0:00,37.5
16/10/2019 0:00,37.4
17/10/2019 0:00,35.8
18/10/2019 0:00,36.6
19/10/2019 0:00,37
20/10/2019 0:00,35.8
21/10/2019 0:00,38.2
22/10/2019 0:00,34.7
23/10/2019 0:00,37.1
24/10/2019 0:00,35.7
25/10/2019 0:00,37.7
26/10/2019 0:00,34.3
27/10/2019 0:00,36.4
28/10/2019 0:00,35.6
29/10/2019 0:00,36.3
30/10/2019 0:00,35.5
31/10/2019 0:00,35.6
01/11/2019 0:00,35.5
02/11/2019 0:00,35.3
03/11/2019 0:00,37.2
04/11/2019 0:00,35.7
05/11/2019 0:00,37.9
06/11/2019 0:00,36.8
07/11/2019 0:00,36.9
08/11/2019 0:00,37.1
09/11/2019 0:00,37.3
10/11/2019 0:00,34.7
11/11/2019 0:00,34.5
12/11/2019 0:00,35.3
13/11/2019 0:00,31.7
14/11/2019 0:00,34.6
15/11/2019 0:00,36.6
16/11/2019 0:00,37.4
17/11/2019 0:00,35.2
18/11/2019 0:00,36.7
19/11/2019 0:00,36.4
20/11/2019 0:00,35.8
21/11/2019 0:00,35
22/11/2019 0:00,34.6
23/11/2019 0:00,34.6
24/11/2019 0:00,35.5
25/11/2019 0:00,33.1
26/11/2019 0:00,33.2
27/11/2019 0:00,36.1
28/11/2019 0:00,34.8
29/11/2019 0:00,32.5
30/11/2019 0:00,33
01/12/2019 0:00,32
02/12/2019 0:00,32.7
03/12/2019 0:00,29.9
04/12/2019 0:00,36.8
05/12/2019 0:00,36
06/12/2019 0:00,36.9
07/12/2019 0:00,35.5
08/12/2019 0:00,33.2
09/12/2019 0:00,32.4
10/12/2019 0:00,34.6
11/12/2019 0:00,36.4
12/12/2019 0:00,33.4
13/12/2019 0:00,34.5
14/12/2019 0:00,34.5
15/12/2019 0:00,35.9
16/12/2019 0:00,37.1
17/12/2019 0:00,36.8
18/12/2019 0:00,34.7
19/12/2019 0:00,35
20/12/2019 0:00,35.7
21/12/2019 0:00,34.7
22/12/2019 0:00,35.2
23/12/2019 0:00,34.1
24/12/2019 0:00,34.1
25/12/2019 0:00,31.9
26/12/2019 0:00,36.6
27/12/2019 0:00,37.7
28/12/2019 0:00,36.5
29/12/2019 0:00,33.7
30/12/2019 0:00,35
31/12/2019 0:00,32.7
01/01/2020 0:00,32.3
02/01/2020 0:00,33.4
03/01/2020 0:00,34.3
04/01/2020 0:00,33.5
05/01/2020 0:00,31.7
06/01/2020 0:00,32.7
07/01/2020 0:00,34.7
08/01/2020 0:00,35.3
09/01/2020 0:00,33.1
10/01/2020 0:00,31.8
11/01/2020 0:00,34.1
12/01/2020 0:00,32.6
13/01/2020 0:00,32.3
14/01/2020 0:00,33.4
15/01/2020 0:00,34.5
16/01/2020 0:00,36.1
17/01/2020 0:00,36
18/01/2020 0:00,35.3
19/01/2020 0:00,33.1
20/01/2020 0:00,31.5
21/01/2020 0:00,32.6
22/01/2020 0:00,32.1
23/01/2020 0:00,31.6
24/01/2020 0:00,29.5
25/01/2020 0:00,32.3
26/01/2020 0:00,36.4
27/01/2020 0:00,33.6
28/01/2020 0:00,34.1
29/01/2020 0:00,32.8
30/01/2020 0:00,32
31/01/2020 0:00,29.4
01/02/2020 0:00,30.1
02/02/2020 0:00,28.5
03/02/2020 0:00,27.1
04/02/2020 0:00,31.6
05/02/2020 0:00,31.4
06/02/2020 0:00,31.4
07/02/2020 0:00,33.2
08/02/2020 0:00,34.1
09/02/2020 0:00,30.6
10/02/2020 0:00,29.1
11/02/2020 0:00,32.2
12/02/2020 0:00,31.4
13/02/2020 0:00,30.1
14/02/2020 0:00,32.8
15/02/2020 0:00,34.4
16/02/2020 0:00,34.5
17/02/2020 0:00,33.2
18/02/2020 0:00,34.1
19/02/2020 0:00,32
20/02/2020 0:00,30.2
21/02/2020 0:00,33.3
22/02/2020 0:00,32.6
23/02/2020 0:00,33
24/02/2020 0:00,35.6
25/02/2020 0:00,33.6
26/02/2020 0:00,32.3
27/02/2020 0:00,35.2
28/02/2020 0:00,33.8
29/02/2020 0:00,33.5
01/03/2020 0:00,34.7
02/03/2020 0:00,32.9
03/03/2020 0:00,33.4
04/03/2020 0:00,33.4
05/03/2020 0:00,35.5
06/03/2020 0:00,34.2
07/03/2020 0:00,37.2
08/03/2020 0:00,37.8
09/03/2020 0:00,38.5
10/03/2020 0:00,38
11/03/2020 0:00,36.6
12/03/2020 0:00,35.3
13/03/2020 0:00,36.1
14/03/2020 0:00,35.5
15/03/2020 0:00,34.1
16/03/2020 0:00,31.9
17/03/2020 0:00,32.5
18/03/2020 0:00,34.1
19/03/2020 0:00,35.9
20/03/2020 0:00,35.5
21/03/2020 0:00,37.5
22/03/2020 0:00,37.3
23/03/2020 0:00,36.9
24/03/2020 0:00,34.6
25/03/2020 0:00,35.5
26/03/2020 0:00,35.2
27/03/2020 0:00,37.8
28/03/2020 0:00,35.9
29/03/2020 0:00,37.1
30/03/2020 0:00,36.6
31/03/2020 0:00,36.2
01/04/2020 0:00,36.9
02/04/2020 0:00,36
03/04/2020 0:00,35.4
04/04/2020 0:00,36.5
05/04/2020 0:00,35.8
06/04/2020 0:00,36.4
07/04/2020 0:00,43.1
08/04/2020 0:00,36.2
09/04/2020 0:00,35.2
10/04/2020 0:00,36.5
11/04/2020 0:00,35.6
12/04/2020 0:00,36.3
13/04/2020 0:00,34.9
14/04/2020 0:00,35
15/04/2020 0:00,38.8
16/04/2020 0:00,37.6
17/04/2020 0:00,37.3
18/04/2020 0:00,38.3
19/04/2020 0:00,38.6
20/04/2020 0:00,39.4
21/04/2020 0:00,39
22/04/2020 0:00,41.6
23/04/2020 0:00,38.8
24/04/2020 0:00,38
25/04/2020 0:00,37.4
26/04/2020 0:00,38.3
27/04/2020 0:00,37
28/04/2020 0:00,38.3
29/04/2020 0:00,36.2
30/04/2020 0:00,36.7
01/05/2020 0:00,38.6
02/05/2020 0:00,37.7
03/05/2020 0:00,37.2
04/05/2020 0:00,42.1
05/05/2020 0:00,41.1
06/05/2020 0:00,41
07/05/2020 0:00,43
08/05/2020 0:00,39.7
09/05/2020 0:00,40.5
10/05/2020 0:00,40.4
11/05/2020 0:00,40.1
12/05/2020 0:00,40
13/05/2020 0:00,40.1
14/05/2020 0:00,42.3
15/05/2020 0:00,33.7
16/05/2020 0:00,37.1
17/05/2020 0:00,40.8
18/05/2020 0:00,39.7
19/05/2020 0:00,39.5
20/05/2020 0:00,41.1
21/05/2020 0:00,40.8
22/05/2020 0:00,40.7
23/05/2020 0:00,41.2
24/05/2020 0:00,38.8
25/05/2020 0:00,39.4
26/05/2020 0:00,41
27/05/2020 0:00,39.5
28/05/2020 0:00,40.4
29/05/2020 0:00,40.7
30/05/2020 0:00,40.8
31/05/2020 0:00,38.4
01/06/2020 0:00,39.2
02/06/2020 0:00,41.7
03/06/2020 0:00,40.3
04/06/2020 0:00,41.4
05/06/2020 0:00,40.4
06/06/2020 0:00,40.4
07/06/2020 0:00,41.2
08/06/2020 0:00,39.7
09/06/2020 0:00,39.5
10/06/2020 0:00,35.3
11/06/2020 0:00,38.5
12/06/2020 0:00,33.6
13/06/2020 0:00,37.9
14/06/2020 0:00,38.1
15/06/2020 0:00,36.9
16/06/2020 0:00,37.8
17/06/2020 0:00,38.7
18/06/2020 0:00,38.4
19/06/2020 0:00,35.3
20/06/2020 0:00,37.5
21/06/2020 0:00,38.8
22/06/2020 0:00,40.6
23/06/2020 0:00,40.6
24/06/2020 0:00,39.3
25/06/2020 0:00,39.2
26/06/2020 0:00,38.2
27/06/2020 0:00,37.6
28/06/2020 0:00,33.9
29/06/2020 0:00,35.6
30/06/2020 0:00,38.5
01/07/2020 0:00,36.9
02/07/2020 0:00,38.5
03/07/2020 0:00,37.9
04/07/2020 0:00,37.5
05/07/2020 0:00,37.5
06/07/2020 0:00,38.3
07/07/2020 0:00,39.9
08/07/2020 0:00,38.2
09/07/2020 0:00,39.1
10/07/2020 0:00,39.9
11/07/2020 0:00,40.1
12/07/2020 0:00,39.3
13/07/2020 0:00,30.6
14/07/2020 0:00,40.8
15/07/2020 0:00,40.5
16/07/2020 0:00,39.6
17/07/2020 0:00,41.2
18/07/2020 0:00,40.8
19/07/2020 0:00,36.9
20/07/2020 0:00,37.5
21/07/2020 0:00,39.9
22/07/2020 0:00,37.5
23/07/2020 0:00,41.5
24/07/2020 0:00,38.9
25/07/2020 0:00,39.9
26/07/2020 0:00,39
27/07/2020 0:00,39
28/07/2020 0:00,36.6
29/07/2020 0:00,32.1
30/07/2020 0:00,36.4
31/07/2020 0:00,36.9
01/08/2020 0:00,37
02/08/2020 0:00,35.3
03/08/2020 0:00,38.2
04/08/2020 0:00,38.5
05/08/2020 0:00,37.4
06/08/2020 0:00,36.5
07/08/2020 0:00,34.6
08/08/2020 0:00,32.1
09/08/2020 0:00,31.1
10/08/2020 0:00,34.5
11/08/2020 0:00,36.6
12/08/2020 0:00,35.8
13/08/2020 0:00,36.7
14/08/2020 0:00,37.2
15/08/2020 0:00,36.9
16/08/2020 0:00,36.6
17/08/2020 0:00,36.5
18/08/2020 0:00,37.3
19/08/2020 0:00,36
20/08/2020 0:00,33.5
21/08/2020 0:00,33.7
22/08/2020 0:00,39.6
23/08/2020 0:00,38.5
24/08/2020 0:00,39.2
25/08/2020 0:00,39.4
26/08/2020 0:00,37.4
27/08/2020 0:00,37.5
28/08/2020 0:00,37.6
29/08/2020 0:00,38
30/08/2020 0:00,35.5
31/08/2020 0:00,37.5
01/09/2020 0:00,37.6
02/09/2020 0:00,38.4
03/09/2020 0:00,38
04/09/2020 0:00,41.6
05/09/2020 0:00,40.8
06/09/2020 0:00,40.1
07/09/2020 0:00,38.7
08/09/2020 0:00,41.1
09/09/2020 0:00,37.5
10/09/2020 0:00,38.6
11/09/2020 0:00,37.4
12/09/2020 0:00,35.3
13/09/2020 0:00,38.5
14/09/2020 0:00,38.9
15/09/2020 0:00,36.3
16/09/2020 0:00,36.7
17/09/2020 0:00,33.3
18/09/2020 0:00,36.3
19/09/2020 0:00,37.2
20/09/2020 0:00,38.5
21/09/2020 0:00,37.7
22/09/2020 0:00,38.5
23/09/2020 0:00,39.1
24/09/2020 0:00,38.9
25/09/2020 0:00,36.5
26/09/2020 0:00,38.2
27/09/2020 0:00,38.5
28/09/2020 0:00,38
29/09/2020 0:00,37.8
30/09/2020 0:00,39.9
01/10/2020 0:00,39.2
02/10/2020 0:00,36.8
03/10/2020 0:00,39
04/10/2020 0:00,39
05/10/2020 0:00,36.6
06/10/2020 0:00,37.3
07/10/2020 0:00,36
08/10/2020 0:00,32.1
09/10/2020 0:00,33.3
10/10/2020 0:00,36.6
11/10/2020 0:00,32.3
12/10/2020 0:00,37.1
13/10/2020 0:00,37.7
14/10/2020 0:00,27.3
15/10/2020 0:00,35.2
16/10/2020 0:00,37.8
17/10/2020 0:00,32.5
18/10/2020 0:00,32.4
19/10/2020 0:00,35.9
20/10/2020 0:00,28.8
21/10/2020 0:00,34.3
22/10/2020 0:00,38.7
23/10/2020 0:00,37.6
24/10/2020 0:00,35
25/10/2020 0:00,35.5
26/10/2020 0:00,32.6
27/10/2020 0:00,34.6
28/10/2020 0:00,36.3
29/10/2020 0:00,35.4
30/10/2020 0:00,38.4
31/10/2020 0:00,36.9
01/11/2020 0:00,26.2
02/11/2020 0:00,34.2
03/11/2020 0:00,37.2
04/11/2020 0:00,33.9
05/11/2020 0:00,34.3
06/11/2020 0:00,35.2
07/11/2020 0:00,35.5
08/11/2020 0:00,37.7
09/11/2020 0:00,36
10/11/2020 0:00,35
11/11/2020 0:00,33.5
12/11/2020 0:00,30.3
13/11/2020 0:00,38.2
14/11/2020 0:00,38.6
15/11/2020 0:00,36.1
16/11/2020 0:00,36.5
17/11/2020 0:00,36.8
18/11/2020 0:00,36.6
19/11/2020 0:00,38
20/11/2020 0:00,38
21/11/2020 0:00,35.5
22/11/2020 0:00,36.9
23/11/2020 0:00,32.9
24/11/2020 0:00,33.3
25/11/2020 0:00,32.2
26/11/2020 0:00,34.7
27/11/2020 0:00,31.8
28/11/2020 0:00,36.3
29/11/2020 0:00,31.7
30/11/2020 0:00,33.2
01/12/2020 0:00,33.1
02/12/2020 0:00,34.6
03/12/2020 0:00,35.5
04/12/2020 0:00,32
05/12/2020 0:00,35.7
06/12/2020 0:00,36.1
07/12/2020 0:00,30.1
08/12/2020 0:00,36.2
09/12/2020 0:00,34.5
10/12/2020 0:00,31.5
11/12/2020 0:00,37
12/12/2020 0:00,35.2
13/12/2020 0:00,36.8
14/12/2020 0:00,36.4
15/12/2020 0:00,35.3
16/12/2020 0:00,33.8
17/12/2020 0:00,31.9
18/12/2020 0:00,34.3
19/12/2020 0:00,30
20/12/2020 0:00,35.2
21/12/2020 0:00,33.4
22/12/2020 0:00,35.2
23/12/2020 0:00,36.2
24/12/2020 0:00,35.6
25/12/2020 0:00,37.2
26/12/2020 0:00,34.6
27/12/2020 0:00,24.6
28/12/2020 0:00,34.3
29/12/2020 0:00,38.4
30/12/2020 0:00,37.4
31/12/2020 0:00,29.8
01/01/2021 0:00,28.9
02/01/2021 0:00,32.9
03/01/2021 0:00,29
04/01/2021 0:00,33.8
05/01/2021 0:00,32.4
06/01/2021 0:00,33.5
07/01/2021 0:00,32.8
08/01/2021 0:00,32.3
09/01/2021 0:00,30
10/01/2021 0:00,30.7
11/01/2021 0:00,28.5
12/01/2021 0:00,29.6
13/01/2021 0:00,30
14/01/2021 0:00,31.7
15/01/2021 0:00,32.2
16/01/2021 0:00,31.4
17/01/2021 0:00,30.8
18/01/2021 0:00,32
19/01/2021 0:00,30.7
20/01/2021 0:00,31.3
21/01/2021 0:00,35.8
22/01/2021 0:00,36.8
23/01/2021 0:00,33.9
24/01/2021 0:00,35.3
25/01/2021 0:00,33.6
26/01/2021 0:00,34.4
27/01/2021 0:00,34.2
28/01/2021 0:00,32.8
29/01/2021 0:00,29.3
30/01/2021 0:00,30.2
31/01/2021 0:00,30.1
01/02/2021 0:00,31.1
02/02/2021 0:00,31.7
03/02/2021 0:00,33
04/02/2021 0:00,34.4
05/02/2021 0:00,32.6
06/02/2021 0:00,36
07/02/2021 0:00,36.2
08/02/2021 0:00,33.5
09/02/2021 0:00,30.3
10/02/2021 0:00,32.4
11/02/2021 0:00,34.3
12/02/2021 0:00,35.8
13/02/2021 0:00,29.2
14/02/2021 0:00,35.9
15/02/2021 0:00,31.7
16/02/2021 0:00,31.6
17/02/2021 0:00,31.9
18/02/2021 0:00,31
19/02/2021 0:00,28.8
20/02/2021 0:00,27.3
21/02/2021 0:00,30.8
22/02/2021 0:00,28.4
23/02/2021 0:00,35.9
24/02/2021 0:00,33.9
25/02/2021 0:00,36.5
26/02/2021 0:00,36.1
27/02/2021 0:00,37.2
28/02/2021 0:00,35.4
01/03/2021 0:00,35.9
02/03/2021 0:00,35.9
03/03/2021 0:00,34.4
04/03/2021 0:00,34.5
05/03/2021 0:00,35.4
06/03/2021 0:00,33.6
07/03/2021 0:00,34.6
08/03/2021 0:00,33.8
09/03/2021 0:00,34
10/03/2021 0:00,34.1
11/03/2021 0:00,33.3
12/03/2021 0:00,33.5
13/03/2021 0:00,31.6
14/03/2021 0:00,32.4
15/03/2021 0:00,35.1
16/03/2021 0:00,36.3
17/03/2021 0:00,37.6
18/03/2021 0:00,37.3
19/03/2021 0:00,35.2
20/03/2021 0:00,36
21/03/2021 0:00,34.7
22/03/2021 0:00,36.1
23/03/2021 0:00,33.3
24/03/2021 0:00,37.6
25/03/2021 0:00,35.5
26/03/2021 0:00,
27/03/2021 0:00,
28/03/2021 0:00,
29/03/2021 0:00,37.4
30/03/2021 0:00,36.9
31/03/2021 0:00,36.2
01/04/2021 0:00,36.4
02/04/2021 0:00,36.3
03/04/2021 0:00,36.4
04/04/2021 0:00,37.6
05/04/2021 0:00,36.3
06/04/2021 0:00,36.2
07/04/2021 0:00,33.1
08/04/2021 0:00,33.9
09/04/2021 0:00,35.2
10/04/2021 0:00,34
11/04/2021 0:00,35.3
12/04/2021 0:00,35.8
13/04/2021 0:00,37.1
14/04/2021 0:00,36.9
15/04/2021 0:00,37.4
16/04/2021 0:00,38
17/04/2021 0:00,36.9
18/04/2021 0:00,34.4
19/04/2021 0:00,36.2
20/04/2021 0:00,35.6
21/04/2021 0:00,36.6
22/04/2021 0:00,37.6
23/04/2021 0:00,36.6
24/04/2021 0:00,36.2
25/04/2021 0:00,35.2
26/04/2021 0:00,34.8
27/04/2021 0:00,33.3
28/04/2021 0:00,35.5
29/04/2021 0:00,36.1
30/04/2021 0:00,38.4
01/05/2021 0:00,38.2
02/05/2021 0:00,38.1
03/05/2021 0:00,38.3
04/05/2021 0:00,37.8
05/05/2021 0:00,38.6
06/05/2021 0:00,39.2
07/05/2021 0:00,37.6
08/05/2021 0:00,39.9
09/05/2021 0:00,40.6
10/05/2021 0:00,38.3
11/05/2021 0:00,38.9
12/05/2021 0:00,40.2
13/05/2021 0:00,38.8
14/05/2021 0:00,40.1
15/05/2021 0:00,40
16/05/2021 0:00,40.6
17/05/2021 0:00,40.8
18/05/2021 0:00,39.8
19/05/2021 0:00,38.9
20/05/2021 0:00,40.7
21/05/2021 0:00,39.1
22/05/2021 0:00,40.6
23/05/2021 0:00,40.5
24/05/2021 0:00,40.2
25/05/2021 0:00,41.2
26/05/2021 0:00,39.2
27/05/2021 0:00,40.9
28/05/2021 0:00,40.8
29/05/2021 0:00,42.2
30/05/2021 0:00,41.9
31/05/2021 0:00,40.8
01/06/2021 0:00,42.6
02/06/2021 0:00,34.8
03/06/2021 0:00,36.6
04/06/2021 0:00,40.8
05/06/2021 0:00,39.3
06/06/2021 0:00,38.4
07/06/2021 0:00,38.5
08/06/2021 0:00,33
09/06/2021 0:00,33.9
10/06/2021 0:00,38.3
11/06/2021 0:00,38.4
12/06/2021 0:00,37
13/06/2021 0:00,37.1
14/06/2021 0:00,37.2
15/06/2021 0:00,39.2
16/06/2021 0:00,39.5
17/06/2021 0:00,39.6
18/06/2021 0:00,40.8
19/06/2021 0:00,39
20/06/2021 0:00,38.4
21/06/2021 0:00,33.5
22/06/2021 0:00,36.4
23/06/2021 0:00,37.4
24/06/2021 0:00,38.1
25/06/2021 0:00,37.4
26/06/2021 0:00,38.6
27/06/2021 0:00,38
28/06/2021 0:00,40.6
29/06/2021 0:00,37.7
30/06/2021 0:00,40.7
01/07/2021 0:00,40.4
02/07/2021 0:00,39.5
03/07/2021 0:00,33.5
04/07/2021 0:00,37.1
05/07/2021 0:00,37
06/07/2021 0:00,36.6
07/07/2021 0:00,39.7
08/07/2021 0:00,39.2
09/07/2021 0:00,36.6
10/07/2021 0:00,37
11/07/2021 0:00,38.7
12/07/2021 0:00,37.5
13/07/2021 0:00,36.8
14/07/2021 0:00,37.7
15/07/2021 0:00,36.2
16/07/2021 0:00,38.4
17/07/2021 0:00,37.3
18/07/2021 0:00,36.6
19/07/2021 0:00,36.6
20/07/2021 0:00,31.6
21/07/2021 0:00,28.2
22/07/2021 0:00,30
23/07/2021 0:00,33.9
24/07/2021 0:00,29.8
25/07/2021 0:00,32.7
26/07/2021 0:00,38
27/07/2021 0:00,36.4
28/07/2021 0:00,34.4
29/07/2021 0:00,34.8
30/07/2021 0:00,36.8
31/07/2021 0:00,35.8
01/08/2021 0:00,36.8
02/08/2021 0:00,39.1
03/08/2021 0:00,37.7
04/08/2021 0:00,38.9
05/08/2021 0:00,37.1
06/08/2021 0:00,37.9
07/08/2021 0:00,38.9
08/08/2021 0:00,37.7
09/08/2021 0:00,37.7
10/08/2021 0:00,35.5
11/08/2021 0:00,34.1
12/08/2021 0:00,37.2
13/08/2021 0:00,38.3
14/08/2021 0:00,38.5
15/08/2021 0:00,34.7
16/08/2021 0:00,37.9
17/08/2021 0:00,36.8
18/08/2021 0:00,38.9
19/08/2021 0:00,37.7
20/08/2021 0:00,38
21/08/2021 0:00,37.4
22/08/2021 0:00,37.2
23/08/2021 0:00,37.6
24/08/2021 0:00,34.7
25/08/2021 0:00,34.4
26/08/2021 0:00,32.2
27/08/2021 0:00,34.7
28/08/2021 0:00,36.4
29/08/2021 0:00,36.3
30/08/2021 0:00,37.3
31/08/2021 0:00,38.2
01/09/2021 0:00,36.3
02/09/2021 0:00,37.7
03/09/2021 0:00,36.9
04/09/2021 0:00,37.4
05/09/2021 0:00,36.1
06/09/2021 0:00,38.5
07/09/2021 0:00,34.4
08/09/2021 0:00,25.5
09/09/2021 0:00,38.3
10/09/2021 0:00,35.5
11/09/2021 0:00,32.6
12/09/2021 0:00,30.9
13/09/2021 0:00,37.3
14/09/2021 0:00,39.4
15/09/2021 0:00,37.2
16/09/2021 0:00,37.8
17/09/2021 0:00,37.5
18/09/2021 0:00,38.5
19/09/2021 0:00,30.7
20/09/2021 0:00,35.1
21/09/2021 0:00,37.2
22/09/2021 0:00,37.7
23/09/2021 0:00,39.5
24/09/2021 0:00,37.6
25/09/2021 0:00,37.4
26/09/2021 0:00,38
27/09/2021 0:00,36.8
28/09/2021 0:00,40.3
29/09/2021 0:00,39.2
30/09/2021 0:00,35.6
01/10/2021 0:00,38.6
02/10/2021 0:00,38
03/10/2021 0:00,35.4
04/10/2021 0:00,35.8
05/10/2021 0:00,33.1
06/10/2021 0:00,34.5
07/10/2021 0:00,36.7
08/10/2021 0:00,36.3
09/10/2021 0:00,37.6
10/10/2021 0:00,38.3
11/10/2021 0:00,36.4
12/10/2021 0:00,36.1
13/10/2021 0:00,36.4
14/10/2021 0:00,34.7
15/10/2021 0:00,36
16/10/2021 0:00,39
17/10/2021 0:00,36.6
18/10/2021 0:00,32.2
19/10/2021 0:00,37.9
20/10/2021 0:00,37
21/10/2021 0:00,35.5
22/10/2021 0:00,37.1
23/10/2021 0:00,36.2
24/10/2021 0:00,31.6
25/10/2021 0:00,30.5
26/10/2021 0:00,35.7
27/10/2021 0:00,35.7
28/10/2021 0:00,33.7
29/10/2021 0:00,35.1
30/10/2021 0:00,35.5
31/10/2021 0:00,33.9
01/11/2021 0:00,36.2
02/11/2021 0:00,35.6
03/11/2021 0:00,36.7
04/11/2021 0:00,36.8
05/11/2021 0:00,38.7
06/11/2021 0:00,40.2
07/11/2021 0:00,38.3
08/11/2021 0:00,37
09/11/2021 0:00,35.2
10/11/2021 0:00,36.1
11/11/2021 0:00,36.6
12/11/2021 0:00,36.6
13/11/2021 0:00,36.5
14/11/2021 0:00,36.7
15/11/2021 0:00,35.5
16/11/2021 0:00,37.3
17/11/2021 0:00,37.2
18/11/2021 0:00,36.2
19/11/2021 0:00,36.3
20/11/2021 0:00,35
21/11/2021 0:00,37.4
22/11/2021 0:00,36.8
23/11/2021 0:00,34.8
24/11/2021 0:00,35.5
25/11/2021 0:00,35.3
26/11/2021 0:00,32.7
27/11/2021 0:00,36.2
28/11/2021 0:00,30.4
29/11/2021 0:00,36.2
30/11/2021 0:00,39.2
01/12/2021 0:00,35.1
02/12/2021 0:00,33.2
03/12/2021 0:00,30.2
04/12/2021 0:00,29.8
05/12/2021 0:00,30.9
06/12/2021 0:00,30.6
07/12/2021 0:00,31.6
08/12/2021 0:00,31.3
09/12/2021 0:00,34.8
10/12/2021 0:00,32.8
11/12/2021 0:00,31.6
12/12/2021 0:00,33.8
13/12/2021 0:00,33.4
14/12/2021 0:00,32.1
15/12/2021 0:00,31.6
16/12/2021 0:00,35.4
17/12/2021 0:00,35.5
18/12/2021 0:00,38.2
19/12/2021 0:00,30.7
20/12/2021 0:00,34.4
21/12/2021 0:00,37.4
22/12/2021 0:00,35.3
23/12/2021 0:00,34.8
24/12/2021 0:00,33.3
25/12/2021 0:00,35.7
26/12/2021 0:00,31.7
27/12/2021 0:00,30
28/12/2021 0:00,30.6
29/12/2021 0:00,31.3
30/12/2021 0:00,30.5
31/12/2021 0:00,30.3
01/01/2022 0:00,30.5
02/01/2022 0:00,28.4
03/01/2022 0:00,31.1
04/01/2022 0:00,31.1
05/01/2022 0:00,31.3
06/01/2022 0:00,31.8
07/01/2022 0:00,32.7
08/01/2022 0:00,32.6
09/01/2022 0:00,35.1
10/01/2022 0:00,35.3
11/01/2022 0:00,32.8
12/01/2022 0:00,32.7
13/01/2022 0:00,29.3
14/01/2022 0:00,28.6
15/01/2022 0:00,29.2
16/01/2022 0:00,32
17/01/2022 0:00,30.1
18/01/2022 0:00,29.9
19/01/2022 0:00,31.2
20/01/2022 0:00,31.7
21/01/2022 0:00,31.7
22/01/2022 0:00,34.5
23/01/2022 0:00,34.2
24/01/2022 0:00,33.8
25/01/2022 0:00,34.2
26/01/2022 0:00,33
27/01/2022 0:00,36.2
28/01/2022 0:00,36.4
29/01/2022 0:00,37.1
30/01/2022 0:00,35.6
31/01/2022 0:00,34.1
01/02/2022 0:00,31.7
02/02/2022 0:00,31.8
03/02/2022 0:00,30.9
04/02/2022 0:00,33.7
05/02/2022 0:00,31.1
06/02/2022 0:00,32.2
07/02/2022 0:00,33.4
08/02/2022 0:00,35.5
09/02/2022 0:00,33.3
10/02/2022 0:00,32.8
11/02/2022 0:00,33.7
12/02/2022 0:00,33.1
13/02/2022 0:00,34.1
14/02/2022 0:00,32.5
15/02/2022 0:00,34.8
16/02/2022 0:00,33.2
17/02/2022 0:00,33.2
18/02/2022 0:00,35.4
19/02/2022 0:00,36.9
20/02/2022 0:00,34.6
21/02/2022 0:00,35.3
22/02/2022 0:00,33.7
23/02/2022 0:00,32.6
24/02/2022 0:00,36.8
25/02/2022 0:00,35.8
26/02/2022 0:00,34.2
27/02/2022 0:00,34.7
28/02/2022 0:00,34.1
01/03/2022 0:00,34.6
02/03/2022 0:00,35.8
03/03/2022 0:00,38
04/03/2022 0:00,36.8
05/03/2022 0:00,35.4
06/03/2022 0:00,36.4
07/03/2022 0:00,35.7
08/03/2022 0:00,34.7
09/03/2022 0:00,32.6
10/03/2022 0:00,35.3
11/03/2022 0:00,34.1
12/03/2022 0:00,36.9
13/03/2022 0:00,36
14/03/2022 0:00,37.7
15/03/2022 0:00,37.4
16/03/2022 0:00,36.6
17/03/2022 0:00,37.8
18/03/2022 0:00,38.5
19/03/2022 0:00,38.7
20/03/2022 0:00,37.6
21/03/2022 0:00,38.2
22/03/2022 0:00,39.9
23/03/2022 0:00,38.7
24/03/2022 0:00,37.5
25/03/2022 0:00,37.9
26/03/2022 0:00,38.3
27/03/2022 0:00,37.5
28/03/2022 0:00,35.5
29/03/2022 0:00,36.9
30/03/2022 0:00,36.5
31/03/2022 0:00,39.2
01/04/2022 0:00,36.3
02/04/2022 0:00,35.7
03/04/2022 0:00,34.6
04/04/2022 0:00,34.6
05/04/2022 0:00,26.1
06/04/2022 0:00,35.7
07/04/2022 0:00,37.1
08/04/2022 0:00,33.8
09/04/2022 0:00,36.5
10/04/2022 0:00,35.1
11/04/2022 0:00,34.7
12/04/2022 0:00,37
13/04/2022 0:00,35.9
14/04/2022 0:00,37.1
15/04/2022 0:00,38.4
16/04/2022 0:00,35.7
17/04/2022 0:00,33.9
18/04/2022 0:00,37.3
19/04/2022 0:00,34.9
20/04/2022 0:00,36.7
21/04/2022 0:00,38
22/04/2022 0:00,37
23/04/2022 0:00,36
24/04/2022 0:00,37.7
25/04/2022 0:00,37.9
26/04/2022 0:00,37.1
27/04/2022 0:00,38.5
28/04/2022 0:00,39.3
29/04/2022 0:00,38.1
30/04/2022 0:00,39
01/05/2022 0:00,36.9
02/05/2022 0:00,37
03/05/2022 0:00,37.7
04/05/2022 0:00,37.6
05/05/2022 0:00,36.7
06/05/2022 0:00,39.4
07/05/2022 0:00,41.1
08/05/2022 0:00,40.6
09/05/2022 0:00,38.7
10/05/2022 0:00,38.5
11/05/2022 0:00,38
12/05/2022 0:00,41.2
13/05/2022 0:00,39.9
14/05/2022 0:00,39.1
15/05/2022 0:00,38.8
16/05/2022 0:00,38.4
17/05/2022 0:00,39.3
18/05/2022 0:00,38
19/05/2022 0:00,36.8
20/05/2022 0:00,37.5
21/05/2022 0:00,35.9
22/05/2022 0:00,37.7
23/05/2022 0:00,38.2
24/05/2022 0:00,40.5
25/05/2022 0:00,38.5
26/05/2022 0:00,38.5
27/05/2022 0:00,40.3
28/05/2022 0:00,34.8
29/05/2022 0:00,37.4
30/05/2022 0:00,38.8
31/05/2022 0:00,38.4
01/06/2022 0:00,33.4
02/06/2022 0:00,37.6
03/06/2022 0:00,39.2
04/06/2022 0:00,40.2
05/06/2022 0:00,39.2
06/06/2022 0:00,38.2
07/06/2022 0:00,38
08/06/2022 0:00,37.4
09/06/2022 0:00,39.6
10/06/2022 0:00,40.3
11/06/2022 0:00,38.7
12/06/2022 0:00,38.7
13/06/2022 0:00,38.3
14/06/2022 0:00,39.2
15/06/2022 0:00,37.9
16/06/2022 0:00,38.7
17/06/2022 0:00,40.5
18/06/2022 0:00,37.7
19/06/2022 0:00,40.1
20/06/2022 0:00,39.3
21/06/2022 0:00,38
22/06/2022 0:00,37.7
23/06/2022 0:00,36
24/06/2022 0:00,38.4
25/06/2022 0:00,37.6
26/06/2022 0:00,37.1
27/06/2022 0:00,35.3
28/06/2022 0:00,38.9
29/06/2022 0:00,36.5
30/06/2022 0:00,37.2
01/07/2022 0:00,37.3
02/07/2022 0:00,37.4
03/07/2022 0:00,37.5
04/07/2022 0:00,38.7
05/07/2022 0:00,36.2
06/07/2022 0:00,35
07/07/2022 0:00,35.5
08/07/2022 0:00,37.2
09/07/2022 0:00,39.2
10/07/2022 0:00,40.8
11/07/2022 0:00,40.2
12/07/2022 0:00,36.9
13/07/2022 0:00,36.2
14/07/2022 0:00,39.7
15/07/2022 0:00,39.8
16/07/2022 0:00,38
17/07/2022 0:00,38.2
18/07/2022 0:00,38.3
19/07/2022 0:00,41
20/07/2022 0:00,38.2
21/07/2022 0:00,34
22/07/2022 0:00,38.5
23/07/2022 0:00,38.2
24/07/2022 0:00,39
25/07/2022 0:00,38.2
26/07/2022 0:00,36.4
27/07/2022 0:00,39.2
28/07/2022 0:00,38.9
29/07/2022 0:00,37.6
30/07/2022 0:00,33.9
31/07/2022 0:00,36.3
01/08/2022 0:00,37
02/08/2022 0:00,36.1
03/08/2022 0:00,39.3
04/08/2022 0:00,34.8
05/08/2022 0:00,32.4
06/08/2022 0:00,33.8
07/08/2022 0:00,35.1
08/08/2022 0:00,32.7
09/08/2022 0:00,35.8
10/08/2022 0:00,36.3
11/08/2022 0:00,35.4
12/08/2022 0:00,37.8
13/08/2022 0:00,37.9
14/08/2022 0:00,36.6
15/08/2022 0:00,34.4
16/08/2022 0:00,36.6
17/08/2022 0:00,35.3
18/08/2022 0:00,37
19/08/2022 0:00,38.4
20/08/2022 0:00,35.3
21/08/2022 0:00,36.8
22/08/2022 0:00,34.8
23/08/2022 0:00,28
24/08/2022 0:00,33.7
25/08/2022 0:00,38.8
26/08/2022 0:00,39.7
27/08/2022 0:00,38.2
28/08/2022 0:00,38.4
29/08/2022 0:00,38.9
30/08/2022 0:00,38.4
31/08/2022 0:00,33.4
01/09/2022 0:00,35.9
02/09/2022 0:00,37.1
03/09/2022 0:00,32.9
04/09/2022 0:00,38.7
05/09/2022 0:00,37
06/09/2022 0:00,40.8
07/09/2022 0:00,39.9
08/09/2022 0:00,39.3
09/09/2022 0:00,39.3
10/09/2022 0:00,31.8
11/09/2022 0:00,37.5
12/09/2022 0:00,36.5
13/09/2022 0:00,37.8
14/09/2022 0:00,35.3
15/09/2022 0:00,36.8
16/09/2022 0:00,36.7
17/09/2022 0:00,37.4
18/09/2022 0:00,36.4
19/09/2022 0:00,29.5
20/09/2022 0:00,32.2
21/09/2022 0:00,35.4
22/09/2022 0:00,34.8
23/09/2022 0:00,34.1
24/09/2022 0:00,38.3
25/09/2022 0:00,32.2
26/09/2022 0:00,36.1
27/09/2022 0:00,37.3
28/09/2022 0:00,37.4
29/09/2022 0:00,36.1
30/09/2022 0:00,35
01/10/2022 0:00,37.4
02/10/2022 0:00,36.1
03/10/2022 0:00,34.3
04/10/2022 0:00,36.6
05/10/2022 0:00,39.2
06/10/2022 0:00,37.1
07/10/2022 0:00,35.7
08/10/2022 0:00,36.4
09/10/2022 0:00,37.7
10/10/2022 0:00,37.4
11/10/2022 0:00,36.9
12/10/2022 0:00,36.7
13/10/2022 0:00,38.7
14/10/2022 0:00,38.9
15/10/2022 0:00,38.3
16/10/2022 0:00,36.3
17/10/2022 0:00,36.5
18/10/2022 0:00,36.9
19/10/2022 0:00,35.8
20/10/2022 0:00,36
21/10/2022 0:00,38.4
22/10/2022 0:00,37
23/10/2022 0:00,36.7
24/10/2022 0:00,37.8
25/10/2022 0:00,31.8
26/10/2022 0:00,36
27/10/2022 0:00,36.5
28/10/2022 0:00,33.2
29/10/2022 0:00,25.5
30/10/2022 0:00,37.7
31/10/2022 0:00,35.9
01/11/2022 0:00,34.7
02/11/2022 0:00,36.7
03/11/2022 0:00,35.8
04/11/2022 0:00,36.3
05/11/2022 0:00,35.9
06/11/2022 0:00,36.7
07/11/2022 0:00,36.4
08/11/2022 0:00,34.2
09/11/2022 0:00,36.8
10/11/2022 0:00,38.3
11/11/2022 0:00,36.4
12/11/2022 0:00,35.2
13/11/2022 0:00,38.8
14/11/2022 0:00,38.7
15/11/2022 0:00,36.7
16/11/2022 0:00,36.9
17/11/2022 0:00,36.3
18/11/2022 0:00,34.6
19/11/2022 0:00,31.6
20/11/2022 0:00,37.3
21/11/2022 0:00,36.9
22/11/2022 0:00,37.2
23/11/2022 0:00,38.2
24/11/2022 0:00,37.1
25/11/2022 0:00,37.3
26/11/2022 0:00,35.9
27/11/2022 0:00,36.2
28/11/2022 0:00,34.8
29/11/2022 0:00,38.4
30/11/2022 0:00,36.9
01/12/2022 0:00,36.3
02/12/2022 0:00,35.7
03/12/2022 0:00,37.7
04/12/2022 0:00,36.9
05/12/2022 0:00,33.7
06/12/2022 0:00,36.9
07/12/2022 0:00,35.3
08/12/2022 0:00,37.4
09/12/2022 0:00,30.8
10/12/2022 0:00,34.3
11/12/2022 0:00,33.4
12/12/2022 0:00,33.7
13/12/2022 0:00,36.5
14/12/2022 0:00,34.4
15/12/2022 0:00,36.7
16/12/2022 0:00,37.6
17/12/2022 0:00,35.9
18/12/2022 0:00,31.2
19/12/2022 0:00,31.6
20/12/2022 0:00,30.4
21/12/2022 0:00,33.5
22/12/2022 0:00,32.5
23/12/2022 0:00,30.8
24/12/2022 0:00,29.8
25/12/2022 0:00,28.6
26/12/2022 0:00,29
27/12/2022 0:00,27.9
28/12/2022 0:00,31.5
29/12/2022 0:00,31.9
30/12/2022 0:00,33
31/12/2022 0:00,32.1
01/01/2023 0:00,34.3
02/01/2023 0:00,36.1
03/01/2023 0:00,31.8
04/01/2023 0:00,31.6
05/01/2023 0:00,25.2
06/01/2023 0:00,32.8
07/01/2023 0:00,31.1
08/01/2023 0:00,28.6
09/01/2023 0:00,30.8
10/01/2023 0:00,30.6
11/01/2023 0:00,31.4
12/01/2023 0:00,33.2
13/01/2023 0:00,32.6
14/01/2023 0:00,30.8
15/01/2023 0:00,34.8
16/01/2023 0:00,31.4
17/01/2023 0:00,32.3
18/01/2023 0:00,32.2
19/01/2023 0:00,31.7
20/01/2023 0:00,33.1
21/01/2023 0:00,31.4
22/01/2023 0:00,33
23/01/2023 0:00,34.4
24/01/2023 0:00,32.6
25/01/2023 0:00,30.8
26/01/2023 0:00,31.6
27/01/2023 0:00,29.4
28/01/2023 0:00,29.9
29/01/2023 0:00,30.9
30/01/2023 0:00,31.8
31/01/2023 0:00,31.5
01/02/2023 0:00,35.5
02/02/2023 0:00,36.3
03/02/2023 0:00,32.6
04/02/2023 0:00,32.4
05/02/2023 0:00,32
06/02/2023 0:00,33.4
07/02/2023 0:00,34.8
08/02/2023 0:00,33.9
09/02/2023 0:00,31.9
10/02/2023 0:00,34.2
11/02/2023 0:00,33.2
12/02/2023 0:00,35
13/02/2023 0:00,34
14/02/2023 0:00,33.7
15/02/2023 0:00,30.7
16/02/2023 0:00,31.2
17/02/2023 0:00,31.5
18/02/2023 0:00,32.4
19/02/2023 0:00,30
20/02/2023 0:00,32.8
21/02/2023 0:00,30.8
22/02/2023 0:00,33.7
23/02/2023 0:00,35.9
24/02/2023 0:00,36.4
25/02/2023 0:00,35.5
26/02/2023 0:00,32.9
27/02/2023 0:00,32.7
28/02/2023 0:00,30.9
01/03/2023 0:00,32.5
02/03/2023 0:00,31.6
03/03/2023 0:00,30.2
04/03/2023 0:00,32.2
05/03/2023 0:00,30.8
06/03/2023 0:00,29.7
07/03/2023 0:00,32.2
08/03/2023 0:00,32.3
09/03/2023 0:00,32.6
10/03/2023 0:00,30.2
11/03/2023 0:00,30.6
12/03/2023 0:00,31.6
13/03/2023 0:00,29.8
14/03/2023 0:00,32
15/03/2023 0:00,32
16/03/2023 0:00,35.6
17/03/2023 0:00,33.5
18/03/2023 0:00,34.7
19/03/2023 0:00,34
20/03/2023 0:00,34.1
21/03/2023 0:00,35.8
22/03/2023 0:00,36.8
23/03/2023 0:00,36.2
24/03/2023 0:00,38.6
25/03/2023 0:00,37.2
26/03/2023 0:00,36.5
27/03/2023 0:00,35.7
28/03/2023 0:00,35.5
29/03/2023 0:00,36.5
30/03/2023 0:00,37.1
31/03/2023 0:00,37.3
01/04/2023 0:00,38
02/04/2023 0:00,36.5
03/04/2023 0:00,37.2
04/04/2023 0:00,34.8
05/04/2023 0:00,35.1
06/04/2023 0:00,34.5
07/04/2023 0:00,35.9
08/04/2023 0:00,36
09/04/2023 0:00,34.7
10/04/2023 0:00,34.3
11/04/2023 0:00,34.1
12/04/2023 0:00,33.4
13/04/2023 0:00,31.9
14/04/2023 0:00,36.6
15/04/2023 0:00,37.7
16/04/2023 0:00,37.3
17/04/2023 0:00,38.6
18/04/2023 0:00,38.9
19/04/2023 0:00,39.8
20/04/2023 0:00,39.1
21/04/2023 0:00,41.2
22/04/2023 0:00,38.3
23/04/2023 0:00,40
24/04/2023 0:00,37.1
25/04/2023 0:00,36.9
26/04/2023 0:00,38.1
27/04/2023 0:00,38.3
28/04/2023 0:00,38.4
29/04/2023 0:00,40.1
30/04/2023 0:00,40.8
01/05/2023 0:00,40.1
02/05/2023 0:00,38.7
03/05/2023 0:00,38.3
04/05/2023 0:00,37.6
05/05/2023 0:00,38.3
06/05/2023 0:00,40.3
07/05/2023 0:00,40.7
08/05/2023 0:00,42.2
09/05/2023 0:00,38.9
10/05/2023 0:00,37.4
11/05/2023 0:00,37.2
12/05/2023 0:00,37.9
13/05/2023 0:00,40.7
14/05/2023 0:00,40.4
15/05/2023 0:00,38.8
16/05/2023 0:00,40.6
17/05/2023 0:00,41.1
18/05/2023 0:00,40.2
19/05/2023 0:00,38.1
20/05/2023 0:00,37.6
21/05/2023 0:00,39.4
22/05/2023 0:00,40.2
23/05/2023 0:00,40.8
24/05/2023 0:00,40.4
25/05/2023 0:00,41.8
26/05/2023 0:00,38.7
27/05/2023 0:00,38.3
28/05/2023 0:00,39.6
29/05/2023 0:00,40.6
30/05/2023 0:00,37.4
31/05/2023 0:00,40.3
01/06/2023 0:00,40.9
02/06/2023 0:00,38.2
03/06/2023 0:00,38
04/06/2023 0:00,38.5
05/06/2023 0:00,38
06/06/2023 0:00,40.6
07/06/2023 0:00,36
08/06/2023 0:00,40.3
09/06/2023 0:00,39.4
10/06/2023 0:00,33.8
11/06/2023 0:00,33.5
12/06/2023 0:00,34.4
13/06/2023 0:00,38.3
14/06/2023 0:00,40.8
15/06/2023 0:00,40.3
16/06/2023 0:00,40.3
17/06/2023 0:00,40.1
18/06/2023 0:00,38.9
19/06/2023 0:00,40.7
20/06/2023 0:00,40.8
21/06/2023 0:00,40.7
22/06/2023 0:00,40.6
23/06/2023 0:00,40
24/06/2023 0:00,39.2
25/06/2023 0:00,36
26/06/2023 0:00,36.2
27/06/2023 0:00,38.4
28/06/2023 0:00,39.8
29/06/2023 0:00,37.6
30/06/2023 0:00,37.9
01/07/2023 0:00,43.1
02/07/2023 0:00,38.5
03/07/2023 0:00,41.7
04/07/2023 0:00,39.2
05/07/2023 0:00,40.6
06/07/2023 0:00,41.2
07/07/2023 0:00,42.1
08/07/2023 0:00,39.7
09/07/2023 0:00,41.5
10/07/2023 0:00,38.1
11/07/2023 0:00,41.4
12/07/2023 0:00,40.2
13/07/2023 0:00,29.7
14/07/2023 0:00,34.8
15/07/2023 0:00,35.2
16/07/2023 0:00,34.5
17/07/2023 0:00,37.1
18/07/2023 0:00,37.5
19/07/2023 0:00,37.5
20/07/2023 0:00,37
21/07/2023 0:00,40.2
22/07/2023 0:00,38.4
23/07/2023 0:00,37.1
24/07/2023 0:00,37.2
25/07/2023 0:00,39.3
26/07/2023 0:00,36
27/07/2023 0:00,35
28/07/2023 0:00,32.4
29/07/2023 0:00,36.4
30/07/2023 0:00,32.3
31/07/2023 0:00,34.6
01/08/2023 0:00,31.6
02/08/2023 0:00,34.8
03/08/2023 0:00,38.4
04/08/2023 0:00,37.9
05/08/2023 0:00,38.7
06/08/2023 0:00,39.4
07/08/2023 0:00,36.5
08/08/2023 0:00,38.7
09/08/2023 0:00,40.3
10/08/2023 0:00,41.4
11/08/2023 0:00,39.6
12/08/2023 0:00,39.7
13/08/2023 0:00,40.7
14/08/2023 0:00,39.5
15/08/2023 0:00,39.5
16/08/2023 0:00,38.9
17/08/2023 0:00,38.4
18/08/2023 0:00,38.8
19/08/2023 0:00,38.9
20/08/2023 0:00,37.5
21/08/2023 0:00,38.9
22/08/2023 0:00,37.8
23/08/2023 0:00,37.1
24/08/2023 0:00,35.8
25/08/2023 0:00,38.4
26/08/2023 0:00,37.4
27/08/2023 0:00,34.6
28/08/2023 0:00,39.3
29/08/2023 0:00,38
30/08/2023 0:00,34.1
31/08/2023 0:00,35.2
01/09/2023 0:00,34.7
02/09/2023 0:00,35.4
03/09/2023 0:00,36.7
04/09/2023 0:00,33.4
05/09/2023 0:00,37.1
06/09/2023 0:00,39.4
07/09/2023 0:00,39.1
08/09/2023 0:00,40.2
09/09/2023 0:00,39.2
10/09/2023 0:00,37
11/09/2023 0:00,38.5
12/09/2023 0:00,38.1
13/09/2023 0:00,35
14/09/2023 0:00,37
15/09/2023 0:00,37.2
16/09/2023 0:00,40.4
17/09/2023 0:00,38.7
18/09/2023 0:00,37.7
19/09/2023 0:00,37.5
20/09/2023 0:00,40.3
21/09/2023 0:00,41.1
22/09/2023 0:00,35.3
23/09/2023 0:00,30.3
24/09/2023 0:00,38
25/09/2023 0:00,36.5
26/09/2023 0:00,39.6
27/09/2023 0:00,38.5
28/09/2023 0:00,36.5
29/09/2023 0:00,38.4
30/09/2023 0:00,38
01/10/2023 0:00,37.4
02/10/2023 0:00,37.4
03/10/2023 0:00,35.7
04/10/2023 0:00,34
05/10/2023 0:00,37.7
06/10/2023 0:00,33.9
07/10/2023 0:00,37.3
08/10/2023 0:00,39.3
09/10/2023 0:00,36.7
10/10/2023 0:00,36.4
11/10/2023 0:00,37.1
12/10/2023 0:00,37.2
13/10/2023 0:00,37.6
14/10/2023 0:00,35.7
15/10/2023 0:00,37
16/10/2023 0:00,36.8
17/10/2023 0:00,37
18/10/2023 0:00,36.6
19/10/2023 0:00,28.1
20/10/2023 0:00,35.8
21/10/2023 0:00,30.4
22/10/2023 0:00,34.2
23/10/2023 0:00,32
24/10/2023 0:00,34.9
25/10/2023 0:00,38
26/10/2023 0:00,37
27/10/2023 0:00,37.6
28/10/2023 0:00,38.7
29/10/2023 0:00,37.6
30/10/2023 0:00,35.5
31/10/2023 0:00,35.9
01/11/2023 0:00,32
02/11/2023 0:00,37.7
03/11/2023 0:00,39.6
04/11/2023 0:00,39.4
05/11/2023 0:00,37
06/11/2023 0:00,38.9
07/11/2023 0:00,36.8
08/11/2023 0:00,36.3
09/11/2023 0:00,39.6
10/11/2023 0:00,38.3
11/11/2023 0:00,36.8
12/11/2023 0:00,37.8
13/11/2023 0:00,35.5
14/11/2023 0:00,36.5
15/11/2023 0:00,30.7
16/11/2023 0:00,35.8
17/11/2023 0:00,34.9
18/11/2023 0:00,35.2
19/11/2023 0:00,33.6
20/11/2023 0:00,34.9
21/11/2023 0:00,34.7
22/11/2023 0:00,35.4
23/11/2023 0:00,36.5
24/11/2023 0:00,36.8
25/11/2023 0:00,31
26/11/2023 0:00,33.8
27/11/2023 0:00,36.7
28/11/2023 0:00,36.4
29/11/2023 0:00,38.5
30/11/2023 0:00,35.8
01/12/2023 0:00,36.9
02/12/2023 0:00,38.3
03/12/2023 0:00,33.2
04/12/2023 0:00,35.9
05/12/2023 0:00,37.5
06/12/2023 0:00,36.8
07/12/2023 0:00,35.5
08/12/2023 0:00,37.4
09/12/2023 0:00,36.9
10/12/2023 0:00,35.1
11/12/2023 0:00,34.5
12/12/2023 0:00,38.5
13/12/2023 0:00,45.1
14/12/2023 0:00,33.4
15/12/2023 0:00,33.7
16/12/2023 0:00,36.4
17/12/2023 0:00,31.6
18/12/2023 0:00,
19/12/2023 0:00,33.4
20/12/2023 0:00,34
21/12/2023 0:00,34.3
22/12/2023 0:00,31.1
23/12/2023 0:00,
24/12/2023 0:00,
25/12/2023 0:00,
26/12/2023 0:00,
27/12/2023 0:00,
28/12/2023 0:00,
29/12/2023 0:00,35.3
30/12/2023 0:00,36.2
31/12/2023 0:00,38.5
01/01/2024 0:00,36.9
02/01/2024 0:00,34.6
03/01/2024 0:00,35.5
04/01/2024 0:00,34.6
05/01/2024 0:00,33.4
06/01/2024 0:00,33.9
07/01/2024 0:00,32.2
08/01/2024 0:00,35.1
09/01/2024 0:00,35.3
10/01/2024 0:00,36.7
11/01/2024 0:00,33.9
12/01/2024 0:00,32.5
13/01/2024 0:00,33
14/01/2024 0:00,32.5
15/01/2024 0:00,32
16/01/2024 0:00,32.4
17/01/2024 0:00,30.2
18/01/2024 0:00,31.6
19/01/2024 0:00,34.3
20/01/2024 0:00,31.6
21/01/2024 0:00,33.3
22/01/2024 0:00,33.5
23/01/2024 0:00,34.3
24/01/2024 0:00,31.9
25/01/2024 0:00,29.8
26/01/2024 0:00,29.6
27/01/2024 0:00,28.2
28/01/2024 0:00,28.7
29/01/2024 0:00,30.6
30/01/2024 0:00,31.4
31/01/2024 0:00,30
01/02/2024 0:00,33.4
02/02/2024 0:00,33.8
03/02/2024 0:00,35.8
04/02/2024 0:00,35.6
05/02/2024 0:00,36.4
06/02/2024 0:00,35.1
07/02/2024 0:00,35
08/02/2024 0:00,34.4
09/02/2024 0:00,33.6
10/02/2024 0:00,33
11/02/2024 0:00,31.7
12/02/2024 0:00,30.8
13/02/2024 0:00,31.7
14/02/2024 0:00,35
15/02/2024 0:00,34.6
16/02/2024 0:00,33.9
17/02/2024 0:00,32.8
18/02/2024 0:00,34.2
19/02/2024 0:00,34.2
20/02/2024 0:00,34.1
21/02/2024 0:00,32.9
22/02/2024 0:00,33.8
23/02/2024 0:00,36.5
24/02/2024 0:00,35.4
25/02/2024 0:00,35.4
26/02/2024 0:00,31.4
27/02/2024 0:00,31.8
28/02/2024 0:00,31.7
29/02/2024 0:00,34.5
01/03/2024 0:00,34.9
02/03/2024 0:00,33.2
03/03/2024 0:00,33.7
04/03/2024 0:00,33.5
05/03/2024 0:00,36.1
06/03/2024 0:00,36.6
07/03/2024 0:00,36.7
08/03/2024 0:00,35.7
09/03/2024 0:00,31.7
10/03/2024 0:00,33.5
11/03/2024 0:00,32.8
12/03/2024 0:00,35.4
13/03/2024 0:00,34.2
14/03/2024 0:00,33.9
15/03/2024 0:00,31.7
16/03/2024 0:00,34
17/03/2024 0:00,34.2
18/03/2024 0:00,33.5
19/03/2024 0:00,32.4
20/03/2024 0:00,33
21/03/2024 0:00,30.4
22/03/2024 0:00,30.9
23/03/2024 0:00,35
24/03/2024 0:00,35.8
25/03/2024 0:00,41.4
26/03/2024 0:00,37.3
27/03/2024 0:00,39
28/03/2024 0:00,39.8
29/03/2024 0:00,40.3
30/03/2024 0:00,38.6
31/03/2024 0:00,37.3
01/04/2024 0:00,38.4
02/04/2024 0:00,36.2
03/04/2024 0:00,37.7
04/04/2024 0:00,37.9
05/04/2024 0:00,38.5
06/04/2024 0:00,36.8
07/04/2024 0:00,38.4
08/04/2024 0:00,38.5
09/04/2024 0:00,40.5
10/04/2024 0:00,37.5
11/04/2024 0:00,37.4
12/04/2024 0:00,38.2
13/04/2024 0:00,37.7
14/04/2024 0:00,40
15/04/2024 0:00,38.7
16/04/2024 0:00,39.8
17/04/2024 0:00,38
18/04/2024 0:00,37.4
19/04/2024 0:00,39.3
20/04/2024 0:00,37.9
21/04/2024 0:00,39.4
22/04/2024 0:00,40.2
23/04/2024 0:00,43.5
24/04/2024 0:00,41.3
25/04/2024 0:00,41
26/04/2024 0:00,41.6
27/04/2024 0:00,43.5
28/04/2024 0:00,43.4
29/04/2024 0:00,41.6
30/04/2024 0:00,41.6
01/05/2024 0:00,42.1
02/05/2024 0:00,38.9
03/05/2024 0:00,39.8
04/05/2024 0:00,40.6
05/05/2024 0:00,40.5
06/05/2024 0:00,42.1
07/05/2024 0:00,39.8
08/05/2024 0:00,39.1
09/05/2024 0:00,40.7
10/05/2024 0:00,38.1
11/05/2024 0:00,39.6
12/05/2024 0:00,42.1
13/05/2024 0:00,42.1
14/05/2024 0:00,40.7
15/05/2024 0:00,41
16/05/2024 0:00,43.5
17/05/2024 0:00,41.3
18/05/2024 0:00,42.2
19/05/2024 0:00,41.2
20/05/2024 0:00,42.8
21/05/2024 0:00,42
22/05/2024 0:00,40.4
23/05/2024 0:00,39.8
24/05/2024 0:00,39.7
25/05/2024 0:00,40.2
26/05/2024 0:00,28
27/05/2024 0:00,37.7
28/05/2024 0:00,42.2
29/05/2024 0:00,39.5
30/05/2024 0:00,42.1
31/05/2024 0:00,43.7
01/06/2024 0:00,41.6
02/06/2024 0:00,46.1
03/06/2024 0:00,42.7
04/06/2024 0:00,40.2
05/06/2024 0:00,39.3
06/06/2024 0:00,40.8
07/06/2024 0:00,38.9
08/06/2024 0:00,40.2
09/06/2024 0:00,41.2
10/06/2024 0:00,42.5
11/06/2024 0:00,41.2
12/06/2024 0:00,42
13/06/2024 0:00,41.8
14/06/2024 0:00,42
15/06/2024 0:00,41.1
16/06/2024 0:00,40.8
17/06/2024 0:00,42.2
18/06/2024 0:00,40.5
19/06/2024 0:00,41.4
20/06/2024 0:00,40.3
21/06/2024 0:00,40.8
22/06/2024 0:00,37.7
23/06/2024 0:00,38.9
24/06/2024 0:00,39.1
25/06/2024 0:00,39.6
26/06/2024 0:00,36.6
27/06/2024 0:00,40.1
28/06/2024 0:00,39.6
29/06/2024 0:00,39.4
30/06/2024 0:00,40.9
01/07/2024 0:00,40.1
02/07/2024 0:00,40.8
03/07/2024 0:00,42.5
04/07/2024 0:00,39.7
05/07/2024 0:00,36.8
06/07/2024 0:00,37.8
07/07/2024 0:00,40.3
08/07/2024 0:00,39.7
09/07/2024 0:00,41
10/07/2024 0:00,38.9
11/07/2024 0:00,38.9
12/07/2024 0:00,40.3
13/07/2024 0:00,38.8
14/07/2024 0:00,42.7
15/07/2024 0:00,38.2
16/07/2024 0:00,41.3
17/07/2024 0:00,37.3
18/07/2024 0:00,36.8
19/07/2024 0:00,40.2
20/07/2024 0:00,40.3
21/07/2024 0:00,38
22/07/2024 0:00,33.7
23/07/2024 0:00,29.5
24/07/2024 0:00,31.9
25/07/2024 0:00,37.7
26/07/2024 0:00,41.4
27/07/2024 0:00,41
28/07/2024 0:00,36.5
29/07/2024 0:00,36.1
30/07/2024 0:00,40.2
31/07/2024 0:00,42.6
01/08/2024 0:00,41.9
02/08/2024 0:00,40.1
03/08/2024 0:00,41
04/08/2024 0:00,40.6
05/08/2024 0:00,38.9
06/08/2024 0:00,37.4
07/08/2024 0:00,40
08/08/2024 0:00,40.3
09/08/2024 0:00,39.6
10/08/2024 0:00,37.5
11/08/2024 0:00,41.6
12/08/2024 0:00,40.8
13/08/2024 0:00,42
14/08/2024 0:00,42.2
15/08/2024 0:00,42.6
16/08/2024 0:00,40.8
17/08/2024 0:00,43.4
18/08/2024 0:00,44.2
19/08/2024 0:00,41.6
20/08/2024 0:00,41
21/08/2024 0:00,40.6
22/08/2024 0:00,41
23/08/2024 0:00,41.1
24/08/2024 0:00,38.5
25/08/2024 0:00,38.7
26/08/2024 0:00,37.8
27/08/2024 0:00,35
28/08/2024 0:00,31.5
29/08/2024 0:00,39
30/08/2024 0:00,40.4
31/08/2024 0:00,39.8
01/09/2024 0:00,39
02/09/2024 0:00,28
03/09/2024 0:00,34.4
04/09/2024 0:00,29.3
05/09/2024 0:00,29.8
06/09/2024 0:00,
07/09/2024 0:00,
08/09/2024 0:00,
09/09/2024 0:00,
10/09/2024 0:00,38
11/09/2024 0:00,41.7
12/09/2024 0:00,37.7
13/09/2024 0:00,35.7
14/09/2024 0:00,36.1
15/09/2024 0:00,40.2
16/09/2024 0:00,37.4
17/09/2024 0:00,36.1
18/09/2024 0:00,34.3
19/09/2024 0:00,34.2
20/09/2024 0:00,36.9
21/09/2024 0:00,36.9
22/09/2024 0:00,37.9
23/09/2024 0:00,
24/09/2024 0:00,
25/09/2024 0:00,
26/09/2024 0:00,39.1
27/09/2024 0:00,40.3
28/09/2024 0:00,
29/09/2024 0:00,38.6
30/09/2024 0:00,38.5
01/10/2024 0:00,37.4
02/10/2024 0:00,
03/10/2024 0:00,42.3
04/10/2024 0:00,38.1
05/10/2024 0:00,37.1
06/10/2024 0:00,33.9
07/10/2024 0:00,34.1
08/10/2024 0:00,38
09/10/2024 0:00,
10/10/2024 0:00,38.3
11/10/2024 0:00,38
12/10/2024 0:00,38.7
13/10/2024 0:00,38.7
14/10/2024 0:00,36.6
15/10/2024 0:00,37.7
16/10/2024 0:00,39.6
17/10/2024 0:00,40.1
18/10/2024 0:00,38.8
19/10/2024 0:00,35.8
20/10/2024 0:00,39.5
21/10/2024 0:00,36.9
22/10/2024 0:00,34.3
23/10/2024 0:00,27.8
24/10/2024 0:00,30
25/10/2024 0:00,36.2
26/10/2024 0:00,36
27/10/2024 0:00,
28/10/2024 0:00,
29/10/2024 0:00,
30/10/2024 0:00,35.8
31/10/2024 0:00,
01/11/2024 0:00,
02/11/2024 0:00,
03/11/2024 0:00,
04/11/2024 0:00,
05/11/2024 0:00,
06/11/2024 0:00,
07/11/2024 0:00,
08/11/2024 0:00,
09/11/2024 0:00,
10/11/2024 0:00,
11/11/2024 0:00,
12/11/2024 0:00,
13/11/2024 0:00,
14/11/2024 0:00,
15/11/2024 0:00,
16/11/2024 0:00,
17/11/2024 0:00,
18/11/2024 0:00,
19/11/2024 0:00,
20/11/2024 0:00,
21/11/2024 0:00,
22/11/2024 0:00,
23/11/2024 0:00,
24/11/2024 0:00,
25/11/2024 0:00,
26/11/2024 0:00,
27/11/2024 0:00,
28/11/2024 0:00,
29/11/2024 0:00,
30/11/2024 0:00,
01/12/2024 0:00,
02/12/2024 0:00,
03/12/2024 0:00,
04/12/2024 0:00,
05/12/2024 0:00,
06/12/2024 0:00,
07/12/2024 0:00,
08/12/2024 0:00,
09/12/2024 0:00,
10/12/2024 0:00,
11/12/2024 0:00,
12/12/2024 0:00,
13/12/2024 0:00,
14/12/2024 0:00,
15/12/2024 0:00,
16/12/2024 0:00,
17/12/2024 0:00,
18/12/2024 0:00,
19/12/2024 0:00,
20/12/2024 0:00,
21/12/2024 0:00,
22/12/2024 0:00,
23/12/2024 0:00,
24/12/2024 0:00,
25/12/2024 0:00,
26/12/2024 0:00,
27/12/2024 0:00,
28/12/2024 0:00,
29/12/2024 0:00,
30/12/2024 0:00,
31/12/2024 0:00,
