"Station Site:	PASIG MARIKINA TULLAHAN",
"Station Name:	Sto. Niño",
"Parameter Name:	Water level",
"Time series Unit:	m",
"Longitude:	121.093102",
"Latitude:	14.63594",
Date,Value [m]
01/01/2012,12.49
01/02/2012,12.47
01/03/2012,12.44
01/04/2012,12.46
01/05/2012,12.44
01/06/2012,12.41
01/07/2012,12.39
01/08/2012,12.4
01/09/2012,12.4
01/10/2012,12.36
01/11/2012,12.36
01/12/2012,12.34
01-13-2012,12.31
01-14-2012,12.29
01-15-2012,12.28
01-16-2012,12.25
01-17-2012,12.26
01-18-2012,12.23
01-19-2012,12.21
01-20-2012,12.2
01-21-2012,12.18
01-22-2012,12.69
01-23-2012,12.14
01-24-2012,12.12
01-25-2012,12.09
01-26-2012,12.09
01-27-2012,12.05
01-28-2012,12.03
01-29-2012,12.02
01-30-2012,12.02
01-31-2012,12
02/01/2012,11.99
02/02/2012,11.98
02/03/2012,11.96
02/04/2012,11.93
02/05/2012,11.92
02/06/2012,11.91
02/07/2012,11.89
02/08/2012,11.88
02/09/2012,11.86
02/10/2012,11.85
02/11/2012,11.83
02/12/2012,11.81
02-13-2012,11.86
02-14-2012,11.88
02-15-2012,11.85
02-16-2012,11.87
02-17-2012,11.84
02-18-2012,11.84
02-19-2012,11.84
02-20-2012,11.96
02-21-2012,11.97
02-22-2012,11.94
02-23-2012,11.93
02-24-2012,11.91
02-25-2012,11.89
02-26-2012,11.87
02-27-2012,11.85
02-28-2012,11.83
02-29-2012,11.82
03/01/2012,11.8
03/02/2012,11.79
03/03/2012,11.77
03/04/2012,11.75
03/05/2012,11.73
03/06/2012,11.72
03/07/2012,11.7
03/08/2012,11.71
03/09/2012,11.68
03/10/2012,11.67
03/11/2012,11.64
03/12/2012,11.63
03-13-2012,11.64
03-14-2012,11.63
03-15-2012,11.63
03-16-2012,11.62
03-17-2012,11.6
03-18-2012,11.59
03-19-2012,11.56
03-20-2012,11.55
03-21-2012,11.55
03-22-2012,11.55
03-23-2012,11.55
03-24-2012,11.58
03-25-2012,11.62
03-26-2012,11.59
03-27-2012,11.57
03-28-2012,11.56
03-29-2012,11.63
03-30-2012,11.67
03-31-2012,11.69
04/01/2012,11.69
04/02/2012,11.64
04/03/2012,11.62
04/04/2012,11.61
04/05/2012,11.59
04/06/2012,11.57
04/07/2012,11.56
04/08/2012,11.55
04/09/2012,11.53
04/10/2012,11.51
04/11/2012,11.51
04/12/2012,11.5
04-13-2012,11.49
04-14-2012,11.49
04-15-2012,11.46
04-16-2012,11.44
04-17-2012,11.43
04-18-2012,11.42
04-19-2012,11.41
04-20-2012,11.39
04-21-2012,11.38
04-22-2012,11.37
04-23-2012,11.37
04-24-2012,11.37
04-25-2012,11.36
04-26-2012,11.34
04-27-2012,11.64
04-28-2012,12.06
04-29-2012,11.76
04-30-2012,11.32
05/01/2012,11.34
05/02/2012,11.37
05/03/2012,11.39
05/04/2012,11.52
05/05/2012,11.55
05/06/2012,11.64
05/07/2012,11.6
05/08/2012,11.99
05/09/2012,12.35
05/10/2012,12.28
05/11/2012,12.25
05/12/2012,12.31
05-13-2012,12.28
05-14-2012,12.33
05-15-2012,12.37
05-16-2012,12.49
05-17-2012,12.15
05-18-2012,12.2
05-19-2012,12.22
05-20-2012,12.26
05-21-2012,12.6
05-22-2012,12.46
05-23-2012,12.57
05-24-2012,12.6
05-25-2012,12.33
05-26-2012,12.23
05-27-2012,12.4
05-28-2012,12.44
05-29-2012,12.36
05-30-2012,13.01
05-31-2012,13.35
06/01/2012,12.43
06/02/2012,13.39
06/03/2012,13.39
06/04/2012,12.69
06/05/2012,12.45
06/06/2012,12.54
06/07/2012,12.49
06/08/2012,12.95
06/09/2012,12.48
06/10/2012,12.32
06/11/2012,12.26
06/12/2012,13.18
06-13-2012,12.81
06-14-2012,13.02
06-15-2012,12.85
06-16-2012,12.88
06-17-2012,12.93
06-18-2012,13.97
06-19-2012,13.15
06-20-2012,13.01
06-21-2012,12.7
06-22-2012,12.54
06-23-2012,12.44
06-24-2012,12.4
06-25-2012,12.72
06-26-2012,12.55
06-27-2012,12.66
06-28-2012,12.92
06-29-2012,12.96
06-30-2012,13.2
07/01/2012,13.06
07/02/2012,12.77
07/03/2012,14.14
07/04/2012,13.99
07/05/2012,13.64
07/06/2012,13.68
07/07/2012,13.35
07/08/2012,13.36
07/09/2012,13.21
07/10/2012,12.86
07/11/2012,13.22
07/12/2012,13.2
07-13-2012,13.27
07-14-2012,13.36
07-15-2012,13.32
07-16-2012,13.29
07-17-2012,13.4
07-18-2012,13.63
07-19-2012,13.42
07-20-2012,13.68
07-21-2012,14.63
07-22-2012,14.54
07-23-2012,13.76
07-24-2012,13.67
07-25-2012,13.76
07-26-2012,13.66
07-27-2012,14.02
07-28-2012,14.31
07-29-2012,14.61
07-30-2012,15.5
07-31-2012,14.04
08/01/2012,15.48
08/02/2012,15.15
08/03/2012,14.95
08/04/2012,14.86
08/05/2012,14.93
08/06/2012,16.06
08/07/2012,19.5
08/08/2012,19.39
08/09/2012,18.52
08/10/2012,15.58
08/11/2012,15.39
08/12/2012,14.32
08-13-2012,14.22
08-14-2012,14.34
08-15-2012,14.8
08-16-2012,14.56
08-17-2012,14.27
08-18-2012,14.17
08-19-2012,14.08
08-20-2012,14.07
08-21-2012,14.08
08-22-2012,14.1
08-23-2012,13.97
08-24-2012,13.97
08-25-2012,14.16
08-26-2012,14
08-27-2012,13.88
08-28-2012,13.79
08-29-2012,13.8
08-30-2012,13.89
08-31-2012,14.03
09/01/2012,13.96
09/02/2012,13.87
09/03/2012,13.68
09/04/2012,13.72
09/05/2012,13.93
09/06/2012,14.01
09/07/2012,13.98
09/08/2012,13.76
09/09/2012,13.65
09/10/2012,13.55
09/11/2012,13.52
09/12/2012,13.63
09-13-2012,13.83
09-14-2012,13.53
09-15-2012,14.7
09-16-2012,14.33
09-17-2012,14.14
09-18-2012,14.67
09-19-2012,14.08
09-20-2012,14.02
09-21-2012,13.93
09-22-2012,13.88
09-23-2012,13.74
09-24-2012,13.63
09-25-2012,13.74
09-26-2012,13.93
09-27-2012,13.82
09-28-2012,13.85
09-29-2012,13.93
09-30-2012,13.84
10/01/2012,13.95
10/02/2012,14.01
10/03/2012,14.14
10/04/2012,13.94
10/05/2012,17.23
10/06/2012,19.32
10/07/2012,18.76
10/08/2012,17.79
10/09/2012,18.99
10/10/2012,14.98
10/11/2012,14.16
10/12/2012,13.38
10-13-2012,13.34
10-14-2012,13.28
10-15-2012,13.23
10-16-2012,13.19
10-17-2012,13.16
10-18-2012,13.13
10-19-2012,13.1
10-20-2012,13.08
10-21-2012,13.06
10-22-2012,13.05
10-23-2012,13
10-24-2012,12.9
10-25-2012,13.33
10-26-2012,14.1
10-27-2012,13.67
10-28-2012,13.49
10-29-2012,13.28
10-30-2012,13.18
10-31-2012,13.24
11/01/2012,13.15
11/02/2012,13.02
11/03/2012,12.96
11/04/2012,13.06
11/05/2012,13.03
11/06/2012,12.88
11/07/2012,12.85
11/08/2012,12.78
11/09/2012,12.9
11/10/2012,12.77
11/11/2012,12.71
11/12/2012,12.68
11-13-2012,12.7
11-14-2012,12.69
11-15-2012,12.72
11-16-2012,12.67
11-17-2012,12.63
11-18-2012,12.61
11-19-2012,12.66
11-20-2012,12.69
11-21-2012,12.54
11-22-2012,12.58
11-23-2012,12.58
11-24-2012,12.63
11-25-2012,12.6
11-26-2012,12.54
11-27-2012,12.54
11-28-2012,12.52
11-29-2012,12.5
11-30-2012,12.47
12/01/2012,12.45
12/02/2012,12.41
12/03/2012,12.39
12/04/2012,12.37
12/05/2012,12.34
12/06/2012,12.33
12/07/2012,12.3
12/08/2012,12.6
12/09/2012,12.28
12/10/2012,12.28
12/11/2012,12.26
12/12/2012,12.24
12-13-2012,12.23
12-14-2012,12.23
12-15-2012,12.22
12-16-2012,12.33
12-17-2012,12.35
12-18-2012,12.26
12-19-2012,12.23
12-20-2012,12.2
12-21-2012,12.19
12-22-2012,12.23
12-23-2012,12.19
12-24-2012,12.18
12-25-2012,12.18
12-26-2012,12.17
12-27-2012,12.49
12-28-2012,12.55
12-29-2012,12.43
12-30-2012,12.36
12-31-2012,12.28
01/01/2013,12.24
01/02/2013,12.24
01/03/2013,12.23
01/04/2013,12.34
01/05/2013,12.59
01/06/2013,12.37
01/07/2013,12.31
01/08/2013,12.24
01/09/2013,12.23
01/10/2013,12.21
01/11/2013,12.21
01/12/2013,12.59
01-13-2013,12.6
01-14-2013,12.38
01-15-2013,12.29
01-16-2013,12.24
01-17-2013,12.74
01-18-2013,12.2
01-19-2013,12.18
01-20-2013,12.18
01-21-2013,12.17
01-22-2013,12.16
01-23-2013,12.16
01-24-2013,12.15
01-25-2013,12.14
01-26-2013,12.14
01-27-2013,12.14
01-28-2013,NULL
01-29-2013,NULL
01-30-2013,12.1
01-31-2013,12.1
02/01/2013,12.1
02/02/2013,12.1
02/03/2013,12.1
02/04/2013,12.04
02/05/2013,12.08
02/06/2013,12.09
02/07/2013,12.09
02/08/2013,12.09
02/09/2013,12.08
02/10/2013,12.08
02/11/2013,12.07
02/12/2013,12.01
02-13-2013,11.92
02-14-2013,12.08
02-15-2013,12.04
02-16-2013,12.07
02-17-2013,12.08
02-18-2013,12.07
02-19-2013,12.06
02-20-2013,12.06
02-21-2013,12.05
02-22-2013,12.94
02-23-2013,13.33
02-24-2013,12.54
02-25-2013,13.36
02-26-2013,12.33
02-27-2013,12.21
02-28-2013,12.13
03/01/2013,12.09
03/02/2013,12.1
03/03/2013,12.12
03/04/2013,12.11
03/05/2013,12.1
03/06/2013,12.08
03/07/2013,12.07
03/08/2013,12.07
03/09/2013,12.07
03/10/2013,12.07
03/11/2013,12.11
03/12/2013,12.14
03-13-2013,12.19
03-14-2013,12.37
03-15-2013,12.28
03-16-2013,12.18
03-17-2013,12.17
03-18-2013,12.13
03-19-2013,12.1
03-20-2013,12.09
03-21-2013,12.07
03-22-2013,12.39
03-23-2013,12.71
03-24-2013,12.76
03-25-2013,12.38
03-26-2013,12.15
03-27-2013,12.1
03-28-2013,12.08
03-29-2013,12.07
03-30-2013,12.05
03-31-2013,12.05
04/01/2013,12.04
04/02/2013,12.05
04/03/2013,12.04
04/04/2013,12.02
04/05/2013,11.99
04/06/2013,11.99
04/07/2013,12.01
04/08/2013,12
04/09/2013,12.01
04/10/2013,12.01
04/11/2013,12
04/12/2013,12
04-13-2013,11.97
04-14-2013,11.98
04-15-2013,12.06
04-16-2013,12.05
04-17-2013,12.01
04-18-2013,11.99
04-19-2013,11.99
04-20-2013,11.98
04-21-2013,11.99
04-22-2013,11.99
04-23-2013,11.98
04-24-2013,11.97
04-25-2013,12.02
04-26-2013,12.52
04-27-2013,12.29
04-28-2013,12.14
04-29-2013,12.1
04-30-2013,12.06
05/01/2013,12.01
05/02/2013,12
05/03/2013,11.99
05/04/2013,12.14
05/05/2013,12.16
05/06/2013,12
05/07/2013,11.95
05/08/2013,11.99
05/09/2013,12.02
05/10/2013,12.14
05/11/2013,12.42
05/12/2013,12.21
05-13-2013,12.19
05-14-2013,12.16
05-15-2013,12.13
05-16-2013,12.03
05-17-2013,12.06
05-18-2013,12.29
05-19-2013,12.08
05-20-2013,12.04
05-21-2013,12.05
05-22-2013,12.02
05-23-2013,12.02
05-24-2013,12.13
05-25-2013,12.03
05-26-2013,12.27
05-27-2013,12.45
05-28-2013,12.21
05-29-2013,12.1
05-30-2013,12.06
05-31-2013,12.06
06/01/2013,12.11
06/02/2013,12.12
06/03/2013,12.29
06/04/2013,12.09
06/05/2013,12
06/06/2013,12
06/07/2013,12.11
06/08/2013,12.77
06/09/2013,13.54
06/10/2013,13.36
06/11/2013,12.97
06/12/2013,13.42
06-13-2013,13.52
06-14-2013,12.88
06-15-2013,12.57
06-16-2013,12.45
06-17-2013,12.7
06-18-2013,13.02
06-19-2013,13.37
06-20-2013,12.94
06-21-2013,12.64
06-22-2013,12.65
06-23-2013,12.73
06-24-2013,12.47
06-25-2013,12.35
06-26-2013,12.24
06-27-2013,12.22
06-28-2013,12.31
06-29-2013,12.2
06-30-2013,13.71
07/01/2013,13.09
07/02/2013,12.56
07/03/2013,12.52
07/04/2013,12.48
07/05/2013,12.44
07/06/2013,12.34
07/07/2013,12.24
07/08/2013,12.2
07/09/2013,12.22
07/10/2013,12.42
07/11/2013,12.21
07/12/2013,12.14
07-13-2013,12.22
07-14-2013,12.23
07-15-2013,12.19
07-16-2013,12.58
07-17-2013,12.61
07-18-2013,12.24
07-19-2013,12.18
07-20-2013,12.28
07-21-2013,12.26
07-22-2013,12.13
07-23-2013,12.37
07-24-2013,12.64
07-25-2013,12.62
07-26-2013,12.43
07-27-2013,12.92
07-28-2013,12.94
07-29-2013,13.54
07-30-2013,13.08
07-31-2013,12.86
08/01/2013,13.13
08/02/2013,12.66
08/03/2013,12.75
08/04/2013,12.52
08/05/2013,12.42
08/06/2013,12.71
08/07/2013,12.7
08/08/2013,12.47
08/09/2013,12.46
08/10/2013,12.53
08/11/2013,12.64
08/12/2013,13.64
08-13-2013,13.7
08-14-2013,13.38
08-15-2013,12.92
08-16-2013,12.7
08-17-2013,12.8
08-18-2013,14.06
08-19-2013,15.13
08-20-2013,16.48
08-21-2013,16.7
08-22-2013,16.05
08-23-2013,14.19
08-24-2013,14.07
08-25-2013,14.02
08-26-2013,13.74
08-27-2013,13.71
08-28-2013,13.77
08-29-2013,13.63
08-30-2013,13.44
08-31-2013,13.3
09/01/2013,13.21
09/02/2013,13.18
09/03/2013,13.09
09/04/2013,13.07
09/05/2013,13.16
09/06/2013,13.28
09/07/2013,13.06
09/08/2013,12.96
09/09/2013,12.99
09/10/2013,13.1
09/11/2013,13.07
09/12/2013,12.96
09-13-2013,13.16
09-14-2013,13.38
09-15-2013,14.2
09-16-2013,14.19
09-17-2013,13.55
09-18-2013,13.52
09-19-2013,13.48
09-20-2013,13.41
09-21-2013,13.27
09-22-2013,14.2
09-23-2013,15.07
09-24-2013,14.03
09-25-2013,13.61
09-26-2013,13.62
09-27-2013,13.53
09-28-2013,13.64
09-29-2013,13.64
09-30-2013,13.61
10/01/2013,13.57
10/02/2013,13.52
10/03/2013,13.86
10/04/2013,13.49
10/05/2013,13.58
10/06/2013,13.39
10/07/2013,13.26
10/08/2013,13.27
10/09/2013,13.31
10/10/2013,13.25
10/11/2013,13.33
10/12/2013,14.59
10-13-2013,13.63
10-14-2013,13.51
10-15-2013,13.58
10-16-2013,13.54
10-17-2013,13.52
10-18-2013,13.42
10-19-2013,13.27
10-20-2013,13.18
10-21-2013,13.11
10-22-2013,13.12
10-23-2013,13.39
10-24-2013,13.05
10-25-2013,12.97
10-26-2013,12.92
10-27-2013,12.89
10-28-2013,12.84
10-29-2013,12.83
10-30-2013,12.81
10-31-2013,12.77
11/01/2013,12.89
11/02/2013,12.72
11/03/2013,12.76
11/04/2013,12.73
11/05/2013,12.74
11/06/2013,12.84
11/07/2013,12.73
11/08/2013,13.03
11/09/2013,13.95
11/10/2013,13.74
11/11/2013,13.35
11/12/2013,13.19
11-13-2013,13.14
11-14-2013,13.1
11-15-2013,12.95
11-16-2013,12.86
11-17-2013,12.8
11-18-2013,12.77
11-19-2013,12.75
11-20-2013,12.7
11-21-2013,12.78
11-22-2013,12.78
11-23-2013,12.93
11-24-2013,12.84
11-25-2013,12.78
11-26-2013,12.73
11-27-2013,12.84
11-28-2013,12.8
11-29-2013,12.67
11-30-2013,12.62
12/01/2013,12.59
12/02/2013,12.6
12/03/2013,12.56
12/04/2013,12.54
12/05/2013,12.53
12/06/2013,12.51
12/07/2013,12.48
12/08/2013,12.46
12/09/2013,12.56
12/10/2013,12.69
12/11/2013,12.5
12/12/2013,12.52
12-13-2013,12.47
12-14-2013,12.4
12-15-2013,12.59
12-16-2013,12.48
12-17-2013,12.44
12-18-2013,12.42
12-19-2013,12.43
12-20-2013,12.42
12-21-2013,12.6
12-22-2013,12.56
12-23-2013,12.45
12-24-2013,12.37
12-25-2013,12.43
12-26-2013,12.4
12-27-2013,12.39
12-28-2013,12.34
12-29-2013,12.32
12-30-2013,12.31
12-31-2013,12.3
01/01/2014,12.29
01/02/2014,12.29
01/03/2014,12.29
01/04/2014,12.28
01/05/2014,12.28
01/06/2014,12.27
01/07/2014,12.27
01/08/2014,12.26
01/09/2014,12.25
01/10/2014,12.25
01/11/2014,12.24
01/12/2014,12.24
01-13-2014,12.24
01-14-2014,12.24
01-15-2014,12.23
01-16-2014,12.21
01-17-2014,12.2
01-18-2014,12.2
01-19-2014,12.2
01-20-2014,12.19
01-21-2014,12.19
01-22-2014,12.19
01-23-2014,12.18
01-24-2014,12.17
01-25-2014,12.17
01-26-2014,12.17
01-27-2014,12.17
01-28-2014,12.16
01-29-2014,12.15
01-30-2014,12.15
01-31-2014,12.16
02/01/2014,12.16
02/02/2014,12.16
02/03/2014,12.13
02/04/2014,12.14
02/05/2014,12.15
02/06/2014,12.21
02/07/2014,12.7
02/08/2014,12.67
02/09/2014,12.67
02/10/2014,13.04
02/11/2014,12.9
02/12/2014,12.46
02-13-2014,12.49
02-14-2014,12.43
02-15-2014,12.25
02-16-2014,12.47
02-17-2014,11.75
02-18-2014,11.36
02-19-2014,11.35
02-20-2014,11.34
02-21-2014,11.32
02-22-2014,11.31
02-23-2014,11.3
02-24-2014,11.29
02-25-2014,11.26
02-26-2014,11.26
02-27-2014,11.26
02-28-2014,11.26
03/01/2014,11.26
03/02/2014,11.24
03/03/2014,11.22
03/04/2014,NULL
03/05/2014,NULL
03/06/2014,NULL
03/07/2014,NULL
03/08/2014,11.2
03/09/2014,11.76
03/10/2014,12.3
03/11/2014,12.84
03/12/2014,11.19
03-13-2014,12.6
03-14-2014,11.19
03-15-2014,11.17
03-16-2014,11.17
03-17-2014,11.15
03-18-2014,11.14
03-19-2014,11.14
03-20-2014,11.13
03-21-2014,11.13
03-22-2014,11.13
03-23-2014,11.12
03-24-2014,11.33
03-25-2014,12.71
03-26-2014,12.08
03-27-2014,12.41
03-28-2014,12.36
03-29-2014,12.37
03-30-2014,12.56
03-31-2014,12.55
04/01/2014,12.4
04/02/2014,12.74
04/03/2014,11.64
04/04/2014,11.11
04/05/2014,11.1
04/06/2014,11.52
04/07/2014,12.19
04/08/2014,11.5
04/09/2014,12.37
04/10/2014,11.96
04/11/2014,11.46
04/12/2014,11.79
04-13-2014,11.61
04-14-2014,11.7
04-15-2014,11.65
04-16-2014,11.08
04-17-2014,11.19
04-18-2014,11.86
04-19-2014,11.07
04-20-2014,11.06
04-21-2014,11.64
04-22-2014,11.07
04-23-2014,11.07
04-24-2014,11.67
04-25-2014,11.23
04-26-2014,11.21
04-27-2014,11.22
04-28-2014,11.17
04-29-2014,11.71
04-30-2014,11.9
05/01/2014,11.56
05/02/2014,11.56
05/03/2014,11.46
05/04/2014,11.43
05/05/2014,11.37
05/06/2014,11.34
05/07/2014,11.32
05/08/2014,11.37
05/09/2014,11.43
05/10/2014,11.42
05/11/2014,11.41
05/12/2014,11.32
05-13-2014,11.29
05-14-2014,11.28
05-15-2014,11.27
05-16-2014,11.28
05-17-2014,11.41
05-18-2014,11.33
05-19-2014,11.3
05-20-2014,NULL
05-21-2014,NULL
05-22-2014,NULL
05-23-2014,NULL
05-24-2014,NULL
05-25-2014,NULL
05-26-2014,NULL
05-27-2014,NULL
05-28-2014,NULL
05-29-2014,NULL
05-30-2014,NULL
05-31-2014,NULL
06/01/2014,NULL
06/02/2014,NULL
06/03/2014,NULL
06/04/2014,NULL
06/05/2014,NULL
06/06/2014,11.46
06/07/2014,11.34
06/08/2014,11.27
06/09/2014,11.3
06/10/2014,11.76
06/11/2014,11.76
06/12/2014,11.71
06-13-2014,11.54
06-14-2014,NULL
06-15-2014,NULL
06-16-2014,11.33
06-17-2014,11.43
06-18-2014,11.84
06-19-2014,11.53
06-20-2014,11.44
06-21-2014,11.38
06-22-2014,11.43
06-23-2014,11.54
06-24-2014,11.38
06-25-2014,11.33
06-26-2014,11.66
06-27-2014,11.39
06-28-2014,11.34
06-29-2014,11.32
06-30-2014,11.32
07/01/2014,11.44
07/02/2014,11.65
07/03/2014,11.64
07/04/2014,12.12
07/05/2014,12.25
07/06/2014,12.01
07/07/2014,12.16
07/08/2014,12.07
07/09/2014,11.93
07/10/2014,11.78
07/11/2014,11.86
07/12/2014,11.82
07-13-2014,11.94
07-14-2014,12.46
07-15-2014,12.49
07-16-2014,13.43
07-17-2014,NULL
07-18-2014,NULL
07-19-2014,NULL
07-20-2014,NULL
07-21-2014,NULL
07-22-2014,NULL
07-23-2014,NULL
07-24-2014,13.81
07-25-2014,13.53
07-26-2014,13.79
07-27-2014,13.67
07-28-2014,13.64
07-29-2014,13.38
07-30-2014,13.4
07-31-2014,13.62
08/01/2014,NULL
08/02/2014,NULL
08/03/2014,13.85
08/04/2014,14.19
08/05/2014,14.48
08/06/2014,13.82
08/07/2014,13.65
08/08/2014,13.7
08/09/2014,NULL
08/10/2014,14.09
08/11/2014,13.37
08/12/2014,12.77
08-13-2014,12.67
08-14-2014,12.68
08-15-2014,12.62
08-16-2014,12.57
08-17-2014,12.73
08-18-2014,12.76
08-19-2014,12.92
08-20-2014,13.47
08-21-2014,12.81
08-22-2014,NULL
08-23-2014,24.54
08-24-2014,NULL
08-25-2014,13.59
08-26-2014,13.19
08-27-2014,13.39
08-28-2014,16.38
08-29-2014,17.14
08-30-2014,20.26
08-31-2014,15.34
09/01/2014,13.21
09/02/2014,12.94
09/03/2014,12.73
09/04/2014,12.7
09/05/2014,12.62
09/06/2014,12.51
09/07/2014,12.45
09/08/2014,12.76
09/09/2014,13.41
09/10/2014,13.43
09/11/2014,13.19
09/12/2014,13.12
09-13-2014,12.95
09-14-2014,13.69
09-15-2014,15.95
09-16-2014,13.76
09-17-2014,15.57
09-18-2014,13.39
09-19-2014,18.42
09-20-2014,16.12
09-21-2014,14
09-22-2014,13.77
09-23-2014,13.93
09-24-2014,13.86
09-25-2014,13.57
09-26-2014,13.63
09-27-2014,13.44
09-28-2014,13.4
09-29-2014,13.38
09-30-2014,13.75
10/01/2014,13.22
10/02/2014,13.44
10/03/2014,13.35
10/04/2014,13.26
10/05/2014,13.18
10/06/2014,13.09
10/07/2014,13.23
10/08/2014,13.53
10/09/2014,13.44
10/10/2014,13.34
10/11/2014,13.46
10/12/2014,13.58
10-13-2014,13.4
10-14-2014,13.24
10-15-2014,13.57
10-16-2014,13.71
10-17-2014,13.31
10-18-2014,13.55
10-19-2014,13.33
10-20-2014,13.18
10-21-2014,13.12
10-22-2014,13.08
10-23-2014,13.13
10-24-2014,12.97
10-25-2014,12.88
10-26-2014,12.83
10-27-2014,12.82
10-28-2014,12.8
10-29-2014,12.94
10-30-2014,12.96
10-31-2014,12.81
11/01/2014,12.79
11/02/2014,12.8
11/03/2014,12.76
11/04/2014,12.68
11/05/2014,12.66
11/06/2014,12.63
11/07/2014,12.61
11/08/2014,12.59
11/09/2014,12.59
11/10/2014,12.58
11/11/2014,12.56
11/12/2014,12.54
11-13-2014,12.53
11-14-2014,12.51
11-15-2014,12.58
11-16-2014,12.65
11-17-2014,12.59
11-18-2014,12.61
11-19-2014,12.52
11-20-2014,12.65
11-21-2014,12.65
11-22-2014,12.65
11-23-2014,12.62
11-24-2014,12.52
11-25-2014,12.49
11-26-2014,12.48
11-27-2014,12.5
11-28-2014,12.57
11-29-2014,12.52
11-30-2014,12.51
12/01/2014,12.54
12/02/2014,12.58
12/03/2014,12.51
12/04/2014,12.48
12/05/2014,12.46
12/06/2014,12.44
12/07/2014,12.43
12/08/2014,12.48
12/09/2014,12.99
12/10/2014,12.89
12/11/2014,12.66
12/12/2014,12.58
12-13-2014,12.73
12-14-2014,12.64
12-15-2014,12.61
12-16-2014,12.64
12-17-2014,12.71
12-18-2014,12.75
12-19-2014,12.64
12-20-2014,12.58
12-21-2014,12.54
12-22-2014,12.52
12-23-2014,12.51
12-24-2014,12.84
12-25-2014,12.89
12-26-2014,12.66
12-27-2014,12.57
12-28-2014,12.51
12-29-2014,12.48
12-30-2014,12.46
12-31-2014,12.44
01/01/2015,12.45
01/02/2015,12.46
01/03/2015,12.4
01/04/2015,12.9
01/05/2015,13.41
01/06/2015,12.36
01/07/2015,12.35
01/08/2015,12.34
01/09/2015,12.33
01/10/2015,12.35
01/11/2015,12.33
01/12/2015,12.32
01-13-2015,12.31
01-14-2015,12.31
01-15-2015,12.32
01-16-2015,12.31
01-17-2015,12.3
01-18-2015,12.43
01-19-2015,12.65
01-20-2015,12.49
01-21-2015,12.38
01-22-2015,12.33
01-23-2015,12.31
01-24-2015,12.28
01-25-2015,12.27
01-26-2015,12.26
01-27-2015,12.25
01-28-2015,12.25
01-29-2015,12.24
01-30-2015,12.24
01-31-2015,12.23
02/01/2015,12.23
02/02/2015,12.22
02/03/2015,12.22
02/04/2015,NULL
02/05/2015,NULL
02/06/2015,12.2
02/07/2015,12.2
02/08/2015,12.2
02/09/2015,12.2
02/10/2015,12.17
02/11/2015,12.69
02/12/2015,12.14
02-13-2015,12.12
02-14-2015,12.11
02-15-2015,12.14
02-16-2015,12.13
02-17-2015,12.1
02-18-2015,12.09
02-19-2015,12.08
02-20-2015,12.08
02-21-2015,12.07
02-22-2015,12.6
02-23-2015,11.98
02-24-2015,12.02
02-25-2015,12.04
02-26-2015,12.04
02-27-2015,12.04
02-28-2015,12.03
03/01/2015,12.03
03/02/2015,12.03
03/03/2015,12.03
03/04/2015,12.03
03/05/2015,11.95
03/06/2015,11.67
03/07/2015,11.87
03/08/2015,11.98
03/09/2015,11.99
03/10/2015,11.98
03/11/2015,11.98
03/12/2015,12
03-13-2015,11.99
03-14-2015,12
03-15-2015,12
03-16-2015,11.99
03-17-2015,11.98
03-18-2015,11.98
03-19-2015,11.98
03-20-2015,11.98
03-21-2015,11.98
03-22-2015,11.99
03-23-2015,12.01
03-24-2015,12.56
03-25-2015,12
03-26-2015,12
03-27-2015,12.02
03-28-2015,12.55
03-29-2015,12.52
03-30-2015,11.98
03-31-2015,11.98
04/01/2015,11.99
04/02/2015,NULL
04/03/2015,NULL
04/04/2015,NULL
04/05/2015,NULL
04/06/2015,NULL
04/07/2015,NULL
04/08/2015,NULL
04/09/2015,NULL
04/10/2015,NULL
04/11/2015,11.98
04/12/2015,11.98
04-13-2015,11.98
04-14-2015,12.03
04-15-2015,12
04-16-2015,12.04
04-17-2015,12.15
04-18-2015,12.01
04-19-2015,12
04-20-2015,11.86
04-21-2015,12.24
04-22-2015,12.73
04-23-2015,12.09
04-24-2015,12
04-25-2015,11.99
04-26-2015,11.98
04-27-2015,11.98
04-28-2015,11.98
04-29-2015,11.98
04-30-2015,11.98
05/01/2015,11.98
05/02/2015,12.02
05/03/2015,12.08
05/04/2015,12.09
05/05/2015,12.07
05/06/2015,12.01
05/07/2015,12.1
05/08/2015,12.08
05/09/2015,12.27
05/10/2015,12.49
05/11/2015,12.06
05/12/2015,12.1
05-13-2015,12.16
05-14-2015,12.06
05-15-2015,12.02
05-16-2015,12.01
05-17-2015,11.99
05-18-2015,11.98
05-19-2015,11.98
05-20-2015,11.98
05-21-2015,11.98
05-22-2015,12
05-23-2015,12.15
05-24-2015,12.05
05-25-2015,12.02
05-26-2015,12.09
05-27-2015,12.08
05-28-2015,12.54
05-29-2015,12.02
05-30-2015,12.03
05-31-2015,12.1
06/01/2015,12.01
06/02/2015,12.04
06/03/2015,12.1
06/04/2015,12.23
06/05/2015,12.02
06/06/2015,11.96
06/07/2015,11.98
06/08/2015,12.06
06/09/2015,12.33
06/10/2015,12.38
06/11/2015,12.16
06/12/2015,12.09
06-13-2015,11.99
06-14-2015,11.97
06-15-2015,11.95
06-16-2015,11.94
06-17-2015,12.09
06-18-2015,12.52
06-19-2015,12.53
06-20-2015,12.6
06-21-2015,12.61
06-22-2015,12.27
06-23-2015,12.11
06-24-2015,12.16
06-25-2015,12.05
06-26-2015,12.01
06-27-2015,12.11
06-28-2015,12.39
06-29-2015,12.56
06-30-2015,12.8
07/01/2015,12.25
07/02/2015,12.75
07/03/2015,12.29
07/04/2015,12.42
07/05/2015,12.82
07/06/2015,13.43
07/07/2015,13.17
07/08/2015,13.77
07/09/2015,13.81
07/10/2015,13.86
07/11/2015,13.65
07/12/2015,13.26
07-13-2015,13.05
07-14-2015,12.77
07-15-2015,12.58
07-16-2015,12.48
07-17-2015,12.42
07-18-2015,12.35
07-19-2015,12.29
07-20-2015,12.39
07-21-2015,12.48
07-22-2015,12.48
07-23-2015,12.43
07-24-2015,12.92
07-25-2015,13.18
07-26-2015,13.5
07-27-2015,13.47
07-28-2015,13.07
07-29-2015,13.09
07-30-2015,12.92
07-31-2015,12.6
08/01/2015,12.59
08/02/2015,12.55
08/03/2015,12.75
08/04/2015,12.7
08/05/2015,13.12
08/06/2015,12.57
08/07/2015,12.47
08/08/2015,NULL
08/09/2015,12.71
08/10/2015,12.69
08/11/2015,12.49
08/12/2015,13.36
08-13-2015,13.54
08-14-2015,13.42
08-15-2015,13.2
08-16-2015,NULL
08-17-2015,NULL
08-18-2015,NULL
08-19-2015,12.93
08-20-2015,12.85
08-21-2015,13.36
08-22-2015,13.56
08-23-2015,13.66
08-24-2015,13.53
08-25-2015,13.75
08-26-2015,13.16
08-27-2015,13.08
08-28-2015,13.34
08-29-2015,NULL
08-30-2015,NULL
08-31-2015,NULL
09/01/2015,NULL
09/02/2015,NULL
09/03/2015,NULL
09/04/2015,12.61
09/05/2015,12.81
09/06/2015,13.42
09/07/2015,13.24
09/08/2015,13.51
09/09/2015,13.18
09/10/2015,13.27
09/11/2015,13.37
09/12/2015,13.38
09-13-2015,13.26
09-14-2015,13.46
09-15-2015,13.34
09-16-2015,13.2
09-17-2015,13.18
09-18-2015,12.93
09-19-2015,12.8
09-20-2015,12.77
09-21-2015,12.98
09-22-2015,13.15
09-23-2015,13.23
09-24-2015,13.02
09-25-2015,12.76
09-26-2015,12.72
09-27-2015,13.11
09-28-2015,13.42
09-29-2015,13.1
09-30-2015,12.86
10/01/2015,12.9
10/02/2015,14.41
10/03/2015,13.66
10/04/2015,13.45
10/05/2015,13.5
10/06/2015,13.12
10/07/2015,12.91
10/08/2015,12.8
10/09/2015,12.98
10/10/2015,12.64
10/11/2015,12.65
10/12/2015,12.56
10-13-2015,12.57
10-14-2015,12.49
10-15-2015,12.44
10-16-2015,12.4
10-17-2015,12.46
10-18-2015,14.43
10-19-2015,14.03
10-20-2015,13.8
10-21-2015,13.31
10-22-2015,13.26
10-23-2015,13.02
10-24-2015,12.85
10-25-2015,12.76
10-26-2015,12.69
10-27-2015,12.6
10-28-2015,12.52
10-29-2015,12.47
10-30-2015,12.43
10-31-2015,12.39
11/01/2015,12.38
11/02/2015,12.35
11/03/2015,12.31
11/04/2015,12.32
11/05/2015,12.29
11/06/2015,12.26
11/07/2015,12.24
11/08/2015,12.22
11/09/2015,12.26
11/10/2015,12.29
11/11/2015,12.22
11/12/2015,12.2
11-13-2015,12.18
11-14-2015,12.17
11-15-2015,12.15
11-16-2015,12.14
11-17-2015,12.12
11-18-2015,12.12
11-19-2015,12.11
11-20-2015,12.1
11-21-2015,12.09
11-22-2015,12.08
11-23-2015,12.07
11-24-2015,12.06
11-25-2015,12.05
11-26-2015,12.04
11-27-2015,12.04
11-28-2015,12.03
11-29-2015,12.04
11-30-2015,12.04
12/01/2015,12.03
12/02/2015,12.03
12/03/2015,12.02
12/04/2015,11.95
12/05/2015,11.97
12/06/2015,12.09
12/07/2015,12.1
12/08/2015,12.03
12/09/2015,12.02
12/10/2015,12.01
12/11/2015,11.99
12/12/2015,11.97
12-13-2015,11.96
12-14-2015,11.99
12-15-2015,12.32
12-16-2015,13.41
12-17-2015,13.43
12-18-2015,12.87
12-19-2015,13.58
12-20-2015,13.48
12-21-2015,13.12
12-22-2015,12.76
12-23-2015,12.59
12-24-2015,12.47
12-25-2015,12.39
12-26-2015,12.33
12-27-2015,12.29
12-28-2015,12.43
12-29-2015,12.2
12-30-2015,12.19
12-31-2015,12.19
01/01/2016,12.22
01/02/2016,12.29
01/03/2016,12.22
01/04/2016,12.18
01/05/2016,12.26
01/06/2016,12.1
01/07/2016,12.09
01/08/2016,12.08
01/09/2016,12.06
01/10/2016,12.58
01/11/2016,12.04
01/12/2016,12.05
01-13-2016,12.05
01-14-2016,12.01
01-15-2016,12
01-16-2016,11.99
01-17-2016,11.99
01-18-2016,11.98
01-19-2016,11.97
01-20-2016,12.5
01-21-2016,11.95
01-22-2016,11.94
01-23-2016,11.94
01-24-2016,11.94
01-25-2016,11.93
01-26-2016,11.91
01-27-2016,11.9
01-28-2016,11.99
01-29-2016,11.94
01-30-2016,11.93
01-31-2016,11.93
02/01/2016,11.91
02/02/2016,12.1
02/03/2016,11.89
02/04/2016,11.9
02/05/2016,11.91
02/06/2016,11.93
02/07/2016,11.93
02/08/2016,11.91
02/09/2016,11.89
02/10/2016,11.89
02/11/2016,11.88
02/12/2016,12.7
02-13-2016,11.88
02-14-2016,11.87
02-15-2016,11.86
02-16-2016,11.85
02-17-2016,11.85
02-18-2016,11.84
02-19-2016,11.84
02-20-2016,11.84
02-21-2016,11.84
02-22-2016,11.84
02-23-2016,11.83
02-24-2016,11.9
02-25-2016,11.73
02-26-2016,11.82
02-27-2016,11.87
02-28-2016,13.47
02-29-2016,12.68
03/01/2016,12.71
03/02/2016,11.86
03/03/2016,12.59
03/04/2016,11.86
03/05/2016,11.88
03/06/2016,11.87
03/07/2016,11.75
03/08/2016,11.78
03/09/2016,11.81
03/10/2016,11.81
03/11/2016,11.81
03/12/2016,11.81
03-13-2016,13.22
03-14-2016,11.8
03-15-2016,11.78
03-16-2016,11.79
03-17-2016,11.79
03-18-2016,11.79
03-19-2016,11.79
03-20-2016,11.79
03-21-2016,11.78
03-22-2016,11.77
03-23-2016,11.77
03-24-2016,11.77
03-25-2016,12.3
03-26-2016,11.76
03-27-2016,12.32
03-28-2016,12.33
03-29-2016,12.32
03-30-2016,11.78
03-31-2016,11.78
04/01/2016,11.81
04/02/2016,11.81
04/03/2016,11.78
04/04/2016,11.88
04/05/2016,12.48
04/06/2016,12
04/07/2016,11.8
04/08/2016,11.75
04/09/2016,11.77
04/10/2016,11.76
04/11/2016,11.75
04/12/2016,11.48
04-13-2016,13.03
04-14-2016,11.31
04-15-2016,11.36
04-16-2016,NULL
04-17-2016,12.02
04-18-2016,12.59
04-19-2016,11.73
04-20-2016,11.41
04-21-2016,11.14
04-22-2016,11.48
04-23-2016,12.23
04-24-2016,12.26
04-25-2016,11.38
04-26-2016,12.8
04-27-2016,11.95
04-28-2016,11.1
04-29-2016,11.16
04-30-2016,11.26
05/01/2016,11.16
05/02/2016,11.13
05/03/2016,11.12
05/04/2016,11.74
05/05/2016,11.4
05/06/2016,11.14
05/07/2016,11.11
05/08/2016,11.11
05/09/2016,11.1
05/10/2016,11.1
05/11/2016,11.66
05/12/2016,11.09
05-13-2016,11.1
05-14-2016,11.11
05-15-2016,11.13
05-16-2016,11.11
05-17-2016,11.18
05-18-2016,11.37
05-19-2016,11.48
05-20-2016,11.27
05-21-2016,11.2
05-22-2016,11.2
05-23-2016,11.3
05-24-2016,11.77
05-25-2016,12.09
05-26-2016,12.49
05-27-2016,12.03
05-28-2016,11.98
05-29-2016,12.45
05-30-2016,12.3
05-31-2016,12.16
06/01/2016,12.25
06/02/2016,12.1
06/03/2016,13.71
06/04/2016,12.32
06/05/2016,12.05
06/06/2016,12.31
06/07/2016,12.61
06/08/2016,12.18
06/09/2016,12.19
06/10/2016,12.17
06/11/2016,12.13
06/12/2016,12.27
06-13-2016,12.2
06-14-2016,12.23
06-15-2016,12.17
06-16-2016,NULL
06-17-2016,NULL
06-18-2016,NULL
06-19-2016,NULL
06-20-2016,NULL
06-21-2016,NULL
06-22-2016,NULL
06-23-2016,NULL
06-24-2016,NULL
06-25-2016,NULL
06-26-2016,NULL
06-27-2016,NULL
06-28-2016,NULL
06-29-2016,NULL
06-30-2016,NULL
07/01/2016,NULL
07/02/2016,NULL
07/03/2016,12.39
07/04/2016,12.18
07/05/2016,12.32
07/06/2016,12.47
07/07/2016,12.5
07/08/2016,13.7
07/09/2016,13.23
07/10/2016,13.04
07/11/2016,13.1
07/12/2016,12.71
07-13-2016,12.43
07-14-2016,12.5
07-15-2016,12.5
07-16-2016,12.38
07-17-2016,12.45
07-18-2016,12.39
07-19-2016,12.24
07-20-2016,12.22
07-21-2016,12.23
07-22-2016,12.44
07-23-2016,12.51
07-24-2016,12.79
07-25-2016,13.02
07-26-2016,12.48
07-27-2016,13.28
07-28-2016,12.42
07-29-2016,12.38
07-30-2016,12.25
07-31-2016,12.27
08/01/2016,12.35
08/02/2016,12.69
08/03/2016,12.44
08/04/2016,12.54
08/05/2016,12.58
08/06/2016,12.94
08/07/2016,13.41
08/08/2016,13.44
08/09/2016,13.46
08/10/2016,13.39
08/11/2016,13.58
08/12/2016,13.78
08-13-2016,16.22
08-14-2016,16.17
08-15-2016,14.63
08-16-2016,14.22
08-17-2016,13.73
08-18-2016,13.2
08-19-2016,13.56
08-20-2016,13.56
08-21-2016,13.65
08-22-2016,13.49
08-23-2016,13.36
08-24-2016,13.19
08-25-2016,13.16
08-26-2016,13.4
08-27-2016,13.38
08-28-2016,13.57
08-29-2016,13.6
08-30-2016,13.37
08-31-2016,13.28
09/01/2016,13.22
09/02/2016,12.99
09/03/2016,12.84
09/04/2016,13.03
09/05/2016,13.16
09/06/2016,12.89
09/07/2016,12.94
09/08/2016,13.45
09/09/2016,13.23
09/10/2016,13.16
09/11/2016,12.91
09/12/2016,12.9
09-13-2016,13.01
09-14-2016,12.63
09-15-2016,12.24
09-16-2016,12.91
09-17-2016,13.24
09-18-2016,12.96
09-19-2016,13.22
09-20-2016,13.48
09-21-2016,12.62
09-22-2016,12.33
09-23-2016,12.22
09-24-2016,NULL
09-25-2016,NULL
09-26-2016,NULL
09-27-2016,NULL
09-28-2016,14.22
09-29-2016,13.84
09-30-2016,13.08
10/01/2016,12.59
10/02/2016,12.46
10/03/2016,12.42
10/04/2016,12.35
10/05/2016,12.95
10/06/2016,12.43
10/07/2016,12.34
10/08/2016,12.31
10/09/2016,12.11
10/10/2016,12.05
10/11/2016,12.5
10/12/2016,12.68
10-13-2016,12.33
10-14-2016,12.2
10-15-2016,12.12
10-16-2016,14.63
10-17-2016,13.13
10-18-2016,12.59
10-19-2016,12.39
10-20-2016,12.69
10-21-2016,13.16
10-22-2016,13
10-23-2016,12.89
10-24-2016,12.75
10-25-2016,12.66
10-26-2016,14.17
10-27-2016,14.06
10-28-2016,12.54
10-29-2016,12.61
10-30-2016,12.49
10-31-2016,12.42
11/01/2016,12.39
11/02/2016,12.62
11/03/2016,13.43
11/04/2016,12.98
11/05/2016,12.85
11/06/2016,12.64
11/07/2016,12.52
11/08/2016,12.45
11/09/2016,12.39
11/10/2016,12.61
11/11/2016,12.34
11/12/2016,12.34
11-13-2016,12.3
11-14-2016,12.43
11-15-2016,12.74
11-16-2016,12.84
11-17-2016,12.54
11-18-2016,12.4
11-19-2016,12.48
11-20-2016,12.43
11-21-2016,12.35
11-22-2016,12.29
11-23-2016,12.29
11-24-2016,12.24
11-25-2016,12.34
11-26-2016,12.47
11-27-2016,12.37
11-28-2016,12.31
11-29-2016,12.26
11-30-2016,12.24
12/01/2016,12.22
12/02/2016,12.25
12/03/2016,12.24
12/04/2016,12.21
12/05/2016,12.19
12/06/2016,12.2
12/07/2016,12.18
12/08/2016,12.24
12/09/2016,12.21
12/10/2016,12.27
12/11/2016,12.28
12/12/2016,12.21
12-13-2016,13.07
12-14-2016,12.41
12-15-2016,12.7
12-16-2016,12.89
12-17-2016,12.98
12-18-2016,12.76
12-19-2016,12.78
12-20-2016,12.62
12-21-2016,12.51
12-22-2016,12.43
12-23-2016,12.38
12-24-2016,12.33
12-25-2016,12.28
12-26-2016,12.76
12-27-2016,12.32
12-28-2016,12.16
12-29-2016,12.11
12-30-2016,12.07
12-31-2016,12.06
01/01/2017,12.14
01/02/2017,12.08
01/03/2017,12.14
01/04/2017,12.32
01/05/2017,12.29
01/06/2017,12.28
01/07/2017,12.44
01/08/2017,12.3
01/09/2017,12.2
01/10/2017,12.25
01/11/2017,12.36
01/12/2017,12.28
01-13-2017,12.26
01-14-2017,12.25
01-15-2017,13.61
01-16-2017,15.09
01-17-2017,12.41
01-18-2017,12.13
01-19-2017,12.1
01-20-2017,12.1
01-21-2017,12.09
01-22-2017,12.1
01-23-2017,12.56
01-24-2017,12.33
01-25-2017,12.3
01-26-2017,12.23
01-27-2017,12.19
01-28-2017,12.17
01-29-2017,12.15
01-30-2017,12.14
01-31-2017,12.14
02/01/2017,12.34
02/02/2017,12.21
02/03/2017,12.05
02/04/2017,12.23
02/05/2017,12.18
02/06/2017,12.14
02/07/2017,12.13
02/08/2017,11.84
02/09/2017,11.81
02/10/2017,11.78
02/11/2017,11.76
02/12/2017,11.75
02-13-2017,11.71
02-14-2017,11.69
02-15-2017,11.68
02-16-2017,13.47
02-17-2017,12.7
02-18-2017,13.73
02-19-2017,11.69
02-20-2017,11.68
02-21-2017,11.66
02-22-2017,11.64
02-23-2017,11.64
02-24-2017,11.62
02-25-2017,11.61
02-26-2017,11.59
02-27-2017,11.59
02-28-2017,12.04
03/01/2017,12.7
03/02/2017,14
03/03/2017,11.55
03/04/2017,11.56
03/05/2017,11.55
03/06/2017,15.17
03/07/2017,11.54
03/08/2017,11.5
03/09/2017,11.5
03/10/2017,11.49
03/11/2017,11.48
03/12/2017,11.47
03-13-2017,11.46
03-14-2017,11.45
03-15-2017,11.62
03-16-2017,12
03-17-2017,11.72
03-18-2017,11.41
03-19-2017,11.4
03-20-2017,11.39
03-21-2017,11.38
03-22-2017,11.4
03-23-2017,11.39
03-24-2017,11.39
03-25-2017,12.49
03-26-2017,12.42
03-27-2017,11.4
03-28-2017,11.44
03-29-2017,11.38
03-30-2017,11.35
03-31-2017,11.34
04/01/2017,11.34
04/02/2017,11.37
04/03/2017,11.36
04/04/2017,11.8
04/05/2017,11.85
04/06/2017,11.36
04/07/2017,11.37
04/08/2017,11.32
04/09/2017,11.33
04/10/2017,11.33
04/11/2017,11.43
04/12/2017,11.77
04-13-2017,11.31
04-14-2017,11.3
04-15-2017,11.29
04-16-2017,11.3
04-17-2017,11.31
04-18-2017,11.35
04-19-2017,11.32
04-20-2017,11.32
04-21-2017,11.35
04-22-2017,11.4
04-23-2017,11.35
04-24-2017,11.36
04-25-2017,11.33
04-26-2017,11.32
04-27-2017,11.3
04-28-2017,11.5
04-29-2017,11.45
04-30-2017,11.34
05/01/2017,11.33
05/02/2017,11.36
05/03/2017,11.36
05/04/2017,11.33
05/05/2017,11.31
05/06/2017,11.3
05/07/2017,11.29
05/08/2017,11.29
05/09/2017,11.28
05/10/2017,11.3
05/11/2017,11.31
05/12/2017,11.32
05-13-2017,11.28
05-14-2017,11.27
05-15-2017,11.26
05-16-2017,11.26
05-17-2017,11.42
05-18-2017,11.29
05-19-2017,11.32
05-20-2017,11.33
05-21-2017,11.31
05-22-2017,11.62
05-23-2017,11.48
05-24-2017,11.46
05-25-2017,11.62
05-26-2017,11.43
05-27-2017,11.59
05-28-2017,12
05-29-2017,12.07
05-30-2017,11.87
05-31-2017,11.56
06/01/2017,11.42
06/02/2017,11.39
06/03/2017,11.39
06/04/2017,11.58
06/05/2017,11.82
06/06/2017,11.43
06/07/2017,11.84
06/08/2017,11.62
06/09/2017,11.52
06/10/2017,11.68
06/11/2017,11.67
06/12/2017,11.5
06-13-2017,11.43
06-14-2017,11.58
06-15-2017,11.85
06-16-2017,11.62
06-17-2017,11.42
06-18-2017,11.42
06-19-2017,11.58
06-20-2017,12.26
06-21-2017,11.62
06-22-2017,11.5
06-23-2017,11.69
06-24-2017,11.47
06-25-2017,11.53
06-26-2017,11.64
06-27-2017,11.66
06-28-2017,11.51
06-29-2017,11.44
06-30-2017,11.73
07/01/2017,11.95
07/02/2017,12.11
07/03/2017,11.99
07/04/2017,11.71
07/05/2017,11.57
07/06/2017,11.81
07/07/2017,11.6
07/08/2017,11.55
07/09/2017,11.47
07/10/2017,11.45
07/11/2017,11.6
07/12/2017,11.53
07-13-2017,11.97
07-14-2017,11.93
07-15-2017,11.8
07-16-2017,11.57
07-17-2017,11.51
07-18-2017,11.7
07-19-2017,12.04
07-20-2017,12.08
07-21-2017,12.24
07-22-2017,12.48
07-23-2017,12.84
07-24-2017,12.33
07-25-2017,12.54
07-26-2017,12.94
07-27-2017,14.08
07-28-2017,14.69
07-29-2017,14.01
07-30-2017,12.8
07-31-2017,12.42
08/01/2017,13.41
08/02/2017,13.7
08/03/2017,13.55
08/04/2017,12.72
08/05/2017,12.33
08/06/2017,12.18
08/07/2017,12.86
08/08/2017,12.87
08/09/2017,12.7
08/10/2017,12.52
08/11/2017,12.45
08/12/2017,12.57
08-13-2017,12.63
08-14-2017,12.58
08-15-2017,12.43
08-16-2017,12.36
08-17-2017,12.31
08-18-2017,12.26
08-19-2017,12.39
08-20-2017,13.29
08-21-2017,13.34
08-22-2017,14.9
08-23-2017,13.05
08-24-2017,12.4
08-25-2017,12.68
08-26-2017,14.16
08-27-2017,13.72
08-28-2017,13.21
08-29-2017,13.08
08-30-2017,12.63
08-31-2017,12.64
09/01/2017,12.58
09/02/2017,12.56
09/03/2017,12.34
09/04/2017,12.16
09/05/2017,12.15
09/06/2017,12.03
09/07/2017,11.94
09/08/2017,11.91
09/09/2017,11.86
09/10/2017,12.9
09/11/2017,11.83
09/12/2017,14.72
09-13-2017,13.62
09-14-2017,12.68
09-15-2017,12.49
09-16-2017,12.42
09-17-2017,12.46
09-18-2017,12.59
09-19-2017,12.7
09-20-2017,12.95
09-21-2017,12.62
09-22-2017,12.53
09-23-2017,12.48
09-24-2017,12.39
09-25-2017,12.37
09-26-2017,12.38
09-27-2017,12.35
09-28-2017,12.32
09-29-2017,12.29
09-30-2017,12.31
10/01/2017,12.28
10/02/2017,12.27
10/03/2017,12.28
10/04/2017,12.25
10/05/2017,12.54
10/06/2017,12.68
10/07/2017,12.66
10/08/2017,12.57
10/09/2017,12.54
10/10/2017,12.84
10/11/2017,12.48
10/12/2017,12.36
10-13-2017,12.66
10-14-2017,13.95
10-15-2017,13
10-16-2017,12.63
10-17-2017,12.52
10-18-2017,NULL
10-19-2017,NULL
10-20-2017,NULL
10-21-2017,NULL
10-22-2017,NULL
10-23-2017,NULL
10-24-2017,NULL
10-25-2017,12.45
10-26-2017,12.43
10-27-2017,12.4
10-28-2017,12.4
10-29-2017,12.33
10-30-2017,12.3
10-31-2017,12.37
11/01/2017,13.29
11/02/2017,12.92
11/03/2017,NULL
11/04/2017,NULL
11/05/2017,12.37
11/06/2017,12.36
11/07/2017,12.33
11/08/2017,12.29
11/09/2017,12.68
11/10/2017,13.65
11/11/2017,12.76
11/12/2017,12.68
11-13-2017,12.79
11-14-2017,12.75
11-15-2017,12.64
11-16-2017,12.54
11-17-2017,12.56
11-18-2017,12.56
11-19-2017,12.44
11-20-2017,12.4
11-21-2017,12.37
11-22-2017,12.34
11-23-2017,12.32
11-24-2017,12.34
11-25-2017,12.59
11-26-2017,12.48
11-27-2017,12.35
11-28-2017,12.3
11-29-2017,12.27
11-30-2017,12.46
12/01/2017,12.51
12/02/2017,12.34
12/03/2017,12.27
12/04/2017,12.26
12/05/2017,12.23
12/06/2017,12.23
12/07/2017,12.2
12/08/2017,12.47
12/09/2017,12.41
12/10/2017,12.27
12/11/2017,12.24
12/12/2017,12.2
12-13-2017,12.33
12-14-2017,12.37
12-15-2017,12.17
12-16-2017,12.19
12-17-2017,12.14
12-18-2017,13.91
12-19-2017,14.2
12-20-2017,12.41
12-21-2017,13.42
12-22-2017,12.72
12-23-2017,12.43
12-24-2017,13.81
12-25-2017,12.44
12-26-2017,12.38
12-27-2017,12.41
12-28-2017,12.44
12-29-2017,12.4
12-30-2017,12.38
12-31-2017,12.34
01/01/2018,NULL
01/02/2018,NULL
01/03/2018,NULL
01/04/2018,NULL
01/05/2018,NULL
01/06/2018,NULL
01/07/2018,NULL
01/08/2018,NULL
01/09/2018,NULL
01/10/2018,NULL
01/11/2018,NULL
01/12/2018,NULL
01-13-2018,NULL
01-14-2018,NULL
01-15-2018,NULL
01-16-2018,NULL
01-17-2018,NULL
01-18-2018,NULL
01-19-2018,NULL
01-20-2018,NULL
01-21-2018,NULL
01-22-2018,NULL
01-23-2018,NULL
01-24-2018,NULL
01-25-2018,NULL
01-26-2018,NULL
01-27-2018,NULL
01-28-2018,NULL
01-29-2018,NULL
01-30-2018,NULL
01-31-2018,NULL
02/01/2018,NULL
02/02/2018,NULL
02/03/2018,NULL
02/04/2018,NULL
02/05/2018,NULL
02/06/2018,NULL
02/07/2018,NULL
02/08/2018,NULL
02/09/2018,NULL
02/10/2018,NULL
02/11/2018,NULL
02/12/2018,NULL
02-13-2018,NULL
02-14-2018,NULL
02-15-2018,NULL
02-16-2018,NULL
02-17-2018,NULL
02-18-2018,NULL
02-19-2018,NULL
02-20-2018,NULL
02-21-2018,NULL
02-22-2018,NULL
02-23-2018,NULL
02-24-2018,NULL
02-25-2018,NULL
02-26-2018,NULL
02-27-2018,NULL
02-28-2018,NULL
03/01/2018,NULL
03/02/2018,NULL
03/03/2018,NULL
03/04/2018,NULL
03/05/2018,NULL
03/06/2018,NULL
03/07/2018,NULL
03/08/2018,NULL
03/09/2018,NULL
03/10/2018,NULL
03/11/2018,NULL
03/12/2018,NULL
03-13-2018,NULL
03-14-2018,NULL
03-15-2018,NULL
03-16-2018,NULL
03-17-2018,NULL
03-18-2018,NULL
03-19-2018,NULL
03-20-2018,NULL
03-21-2018,NULL
03-22-2018,NULL
03-23-2018,NULL
03-24-2018,NULL
03-25-2018,NULL
03-26-2018,NULL
03-27-2018,11.41
03-28-2018,11.4
03-29-2018,11.57
03-30-2018,11.98
03-31-2018,11.54
04/01/2018,11.44
04/02/2018,13.6
04/03/2018,14.68
04/04/2018,13.49
04/05/2018,11.41
04/06/2018,11.4
04/07/2018,11.46
04/08/2018,13.45
04/09/2018,13.72
04/10/2018,13.99
04/11/2018,11.47
04/12/2018,11.63
04-13-2018,12.23
04-14-2018,12.47
04-15-2018,16.05
04-16-2018,15.58
04-17-2018,11.83
04-18-2018,11.36
04-19-2018,11.36
04-20-2018,11.36
04-21-2018,11.34
04-22-2018,11.38
04-23-2018,11.38
04-24-2018,11.41
04-25-2018,11.46
04-26-2018,11.36
04-27-2018,13.13
04-28-2018,17.96
04-29-2018,18.21
04-30-2018,17.47
05/01/2018,NULL
05/02/2018,19.92
05/03/2018,14.62
05/04/2018,11.49
05/05/2018,13.03
05/06/2018,11.4
05/07/2018,11.38
05/08/2018,11.41
05/09/2018,11.63
05/10/2018,11.86
05/11/2018,12.1
05/12/2018,11.85
05-13-2018,11.4
05-14-2018,11.36
05-15-2018,11.35
05-16-2018,11.35
05-17-2018,11.35
05-18-2018,11.34
05-19-2018,11.38
05-20-2018,11.44
05-21-2018,11.37
05-22-2018,11.42
05-23-2018,11.4
05-24-2018,11.43
05-25-2018,11.44
05-26-2018,11.43
05-27-2018,11.45
05-28-2018,11.39
05-29-2018,11.36
05-30-2018,11.4
05-31-2018,11.37
06/01/2018,11.36
06/02/2018,11.43
06/03/2018,11.65
06/04/2018,11.41
06/05/2018,11.59
06/06/2018,11.6
06/07/2018,12.19
06/08/2018,11.68
06/09/2018,13.07
06/10/2018,13.29
06/11/2018,13.13
06/12/2018,13.31
06-13-2018,12.94
06-14-2018,13.55
06-15-2018,12.64
06-16-2018,12.48
06-17-2018,12.49
06-18-2018,12.56
06-19-2018,12.58
06-20-2018,12.5
06-21-2018,13.17
06-22-2018,13.08
06-23-2018,13.35
06-24-2018,12.56
06-25-2018,12.27
06-26-2018,12.22
06-27-2018,12.19
06-28-2018,11.92
06-29-2018,11.83
06-30-2018,11.78
07/01/2018,11.88
07/02/2018,11.84
07/03/2018,11.87
07/04/2018,11.89
07/05/2018,11.9
07/06/2018,11.81
07/07/2018,12.01
07/08/2018,13.02
07/09/2018,12.83
07/10/2018,13.03
07/11/2018,12.39
07/12/2018,12.42
07-13-2018,12.55
07-14-2018,12.84
07-15-2018,12.67
07-16-2018,13.11
07-17-2018,15.31
07-18-2018,15.82
07-19-2018,14.2
07-20-2018,15.57
07-21-2018,14.66
07-22-2018,16.31
07-23-2018,13.62
07-24-2018,13.24
07-25-2018,13.36
07-26-2018,13.45
07-27-2018,12.82
07-28-2018,12.96
07-29-2018,13.23
07-30-2018,12.95
07-31-2018,12.94
08/01/2018,13.49
08/02/2018,13.09
08/03/2018,13.52
08/04/2018,12.93
08/05/2018,12.77
08/06/2018,12.9
08/07/2018,13.12
08/08/2018,12.99
08/09/2018,12.74
08/10/2018,13.3
08/11/2018,15.92
08/12/2018,17.66
08-13-2018,15.97
08-14-2018,14.31
08-15-2018,13.44
08-16-2018,13.13
08-17-2018,13.75
08-18-2018,13.49
08-19-2018,13.06
08-20-2018,13.27
08-21-2018,13.93
08-22-2018,13.34
08-23-2018,12.99
08-24-2018,12.81
08-25-2018,13.9
08-26-2018,NULL
08-27-2018,12.81
08-28-2018,13.03
08-29-2018,13.24
08-30-2018,13.15
08-31-2018,13.29
09/01/2018,13.28
09/02/2018,13.11
09/03/2018,13.06
09/04/2018,12.66
09/05/2018,12.83
09/06/2018,12.84
09/07/2018,13.08
09/08/2018,13.21
09/09/2018,12.81
09/10/2018,12.77
09/11/2018,12.85
09/12/2018,12.76
09-13-2018,12.9
09-14-2018,12.81
09-15-2018,15.54
09-16-2018,13.94
09-17-2018,13.11
09-18-2018,12.84
09-19-2018,12.75
09-20-2018,12.74
09-21-2018,13.06
09-22-2018,12.8
09-23-2018,12.69
09-24-2018,12.63
09-25-2018,12.58
09-26-2018,12.71
09-27-2018,12.6
09-28-2018,12.55
09-29-2018,12.52
09-30-2018,12.49
10/01/2018,12.48
10/02/2018,12.6
10/03/2018,12.46
10/04/2018,12.71
10/05/2018,12.45
10/06/2018,12.43
10/07/2018,12.41
10/08/2018,12.38
10/09/2018,12.36
10/10/2018,12.34
10/11/2018,12.31
10/12/2018,12.29
10-13-2018,12.33
10-14-2018,12.46
10-15-2018,12.52
10-16-2018,12.55
10-17-2018,12.68
10-18-2018,12.51
10-19-2018,12.39
10-20-2018,12.36
10-21-2018,12.49
10-22-2018,12.43
10-23-2018,12.34
10-24-2018,12.31
10-25-2018,12.29
10-26-2018,12.27
10-27-2018,13.26
10-28-2018,16.22
10-29-2018,14.05
10-30-2018,12.38
10-31-2018,12.15
11/01/2018,11.94
11/02/2018,12.01
11/03/2018,12.29
11/04/2018,12.45
11/05/2018,13.23
11/06/2018,15.91
11/07/2018,13.55
11/08/2018,12.3
11/09/2018,13.83
11/10/2018,12.23
11/11/2018,13.01
11/12/2018,16.38
11-13-2018,15.7
11-14-2018,15.78
11-15-2018,18.55
11-16-2018,23.27
11-17-2018,18
11-18-2018,20.99
11-19-2018,19.9
11-20-2018,20.35
11-21-2018,21.77
11-22-2018,12.32
11-23-2018,12.16
11-24-2018,12.15
11-25-2018,12.14
11-26-2018,12.13
11-27-2018,12.55
11-28-2018,14.65
11-29-2018,12.1
11-30-2018,12.1
12/01/2018,12.1
12/02/2018,12.11
12/03/2018,12.6
12/04/2018,17.24
12/05/2018,12.38
12/06/2018,13.31
12/07/2018,12.13
12/08/2018,12.11
12/09/2018,12.13
12/10/2018,12.11
12/11/2018,12.09
12/12/2018,12.08
12-13-2018,12.09
12-14-2018,12.28
12-15-2018,12.42
12-16-2018,12.4
12-17-2018,12.28
12-18-2018,12.21
12-19-2018,12.16
12-20-2018,12.13
12-21-2018,12.12
12-22-2018,12.16
12-23-2018,12.53
12-24-2018,12.55
12-25-2018,12.15
12-26-2018,11.88
12-27-2018,12.91
12-28-2018,24.03
12-29-2018,24.8
12-30-2018,17.05
12-31-2018,12.27
01/01/2019,NULL
01/02/2019,NULL
01/03/2019,NULL
01/04/2019,NULL
01/05/2019,NULL
01/06/2019,NULL
01/07/2019,NULL
01/08/2019,NULL
01/09/2019,NULL
01/10/2019,NULL
01/11/2019,NULL
01/12/2019,NULL
01-13-2019,NULL
01-14-2019,NULL
01-15-2019,NULL
01-16-2019,NULL
01-17-2019,NULL
01-18-2019,NULL
01-19-2019,NULL
01-20-2019,NULL
01-21-2019,NULL
01-22-2019,NULL
01-23-2019,NULL
01-24-2019,NULL
01-25-2019,NULL
01-26-2019,NULL
01-27-2019,NULL
01-28-2019,NULL
01-29-2019,NULL
01-30-2019,NULL
01-31-2019,NULL
02/01/2019,NULL
02/02/2019,NULL
02/03/2019,NULL
02/04/2019,NULL
02/05/2019,NULL
02/06/2019,NULL
02/07/2019,NULL
02/08/2019,NULL
02/09/2019,NULL
02/10/2019,NULL
02/11/2019,NULL
02/12/2019,NULL
02-13-2019,NULL
02-14-2019,NULL
02-15-2019,NULL
02-16-2019,NULL
02-17-2019,NULL
02-18-2019,NULL
02-19-2019,NULL
02-20-2019,NULL
02-21-2019,NULL
02-22-2019,NULL
02-23-2019,NULL
02-24-2019,NULL
02-25-2019,NULL
02-26-2019,NULL
02-27-2019,NULL
02-28-2019,NULL
03/01/2019,NULL
03/02/2019,NULL
03/03/2019,NULL
03/04/2019,NULL
03/05/2019,NULL
03/06/2019,NULL
03/07/2019,NULL
03/08/2019,NULL
03/09/2019,NULL
03/10/2019,NULL
03/11/2019,NULL
03/12/2019,NULL
03-13-2019,NULL
03-14-2019,NULL
03-15-2019,NULL
03-16-2019,NULL
03-17-2019,NULL
03-18-2019,NULL
03-19-2019,NULL
03-20-2019,NULL
03-21-2019,NULL
03-22-2019,NULL
03-23-2019,NULL
03-24-2019,NULL
03-25-2019,NULL
03-26-2019,NULL
03-27-2019,NULL
03-28-2019,NULL
03-29-2019,NULL
03-30-2019,NULL
03-31-2019,NULL
04/01/2019,NULL
04/02/2019,NULL
04/03/2019,NULL
04/04/2019,NULL
04/05/2019,NULL
04/06/2019,NULL
04/07/2019,NULL
04/08/2019,NULL
04/09/2019,NULL
04/10/2019,NULL
04/11/2019,NULL
04/12/2019,NULL
04-13-2019,NULL
04-14-2019,NULL
04-15-2019,NULL
04-16-2019,NULL
04-17-2019,NULL
04-18-2019,NULL
04-19-2019,NULL
04-20-2019,NULL
04-21-2019,NULL
04-22-2019,NULL
04-23-2019,NULL
04-24-2019,NULL
04-25-2019,NULL
04-26-2019,NULL
04-27-2019,NULL
04-28-2019,NULL
04-29-2019,NULL
04-30-2019,NULL
05/01/2019,NULL
05/02/2019,NULL
05/03/2019,NULL
05/04/2019,NULL
05/05/2019,NULL
05/06/2019,NULL
05/07/2019,NULL
05/08/2019,NULL
05/09/2019,NULL
05/10/2019,NULL
05/11/2019,NULL
05/12/2019,NULL
05-13-2019,NULL
05-14-2019,NULL
05-15-2019,NULL
05-16-2019,NULL
05-17-2019,NULL
05-18-2019,NULL
05-19-2019,NULL
05-20-2019,NULL
05-21-2019,NULL
05-22-2019,NULL
05-23-2019,NULL
05-24-2019,NULL
05-25-2019,NULL
05-26-2019,NULL
05-27-2019,NULL
05-28-2019,NULL
05-29-2019,NULL
05-30-2019,NULL
05-31-2019,NULL
06/01/2019,NULL
06/02/2019,NULL
06/03/2019,NULL
06/04/2019,NULL
06/05/2019,NULL
06/06/2019,NULL
06/07/2019,NULL
06/08/2019,NULL
06/09/2019,NULL
06/10/2019,NULL
06/11/2019,NULL
06/12/2019,NULL
06-13-2019,NULL
06-14-2019,NULL
06-15-2019,NULL
06-16-2019,NULL
06-17-2019,NULL
06-18-2019,NULL
06-19-2019,NULL
06-20-2019,NULL
06-21-2019,NULL
06-22-2019,NULL
06-23-2019,NULL
06-24-2019,NULL
06-25-2019,NULL
06-26-2019,NULL
06-27-2019,NULL
06-28-2019,NULL
06-29-2019,NULL
06-30-2019,NULL
07/01/2019,NULL
07/02/2019,NULL
07/03/2019,NULL
07/04/2019,NULL
07/05/2019,NULL
07/06/2019,NULL
07/07/2019,NULL
07/08/2019,NULL
07/09/2019,NULL
07/10/2019,NULL
07/11/2019,NULL
07/12/2019,NULL
07-13-2019,NULL
07-14-2019,NULL
07-15-2019,NULL
07-16-2019,NULL
07-17-2019,NULL
07-18-2019,NULL
07-19-2019,NULL
07-20-2019,NULL
07-21-2019,NULL
07-22-2019,NULL
07-23-2019,NULL
07-24-2019,NULL
07-25-2019,NULL
07-26-2019,NULL
07-27-2019,NULL
07-28-2019,NULL
07-29-2019,NULL
07-30-2019,NULL
07-31-2019,NULL
08/01/2019,NULL
08/02/2019,NULL
08/03/2019,NULL
08/04/2019,NULL
08/05/2019,NULL
08/06/2019,NULL
08/07/2019,NULL
08/08/2019,NULL
08/09/2019,NULL
08/10/2019,NULL
08/11/2019,NULL
08/12/2019,NULL
08-13-2019,NULL
08-14-2019,NULL
08-15-2019,NULL
08-16-2019,NULL
08-17-2019,NULL
08-18-2019,NULL
08-19-2019,NULL
08-20-2019,NULL
08-21-2019,NULL
08-22-2019,NULL
08-23-2019,NULL
08-24-2019,NULL
08-25-2019,NULL
08-26-2019,NULL
08-27-2019,NULL
08-28-2019,NULL
08-29-2019,NULL
08-30-2019,NULL
08-31-2019,NULL
09/01/2019,NULL
09/02/2019,NULL
09/03/2019,NULL
09/04/2019,NULL
09/05/2019,NULL
09/06/2019,NULL
09/07/2019,NULL
09/08/2019,NULL
09/09/2019,NULL
09/10/2019,NULL
09/11/2019,NULL
09/12/2019,NULL
09-13-2019,NULL
09-14-2019,NULL
09-15-2019,NULL
09-16-2019,NULL
09-17-2019,NULL
09-18-2019,NULL
09-19-2019,NULL
09-20-2019,NULL
09-21-2019,NULL
09-22-2019,NULL
09-23-2019,NULL
09-24-2019,NULL
09-25-2019,NULL
09-26-2019,NULL
09-27-2019,NULL
09-28-2019,NULL
09-29-2019,NULL
09-30-2019,NULL
10/01/2019,NULL
10/02/2019,NULL
10/03/2019,NULL
10/04/2019,NULL
10/05/2019,NULL
10/06/2019,NULL
10/07/2019,NULL
10/08/2019,NULL
10/09/2019,NULL
10/10/2019,NULL
10/11/2019,NULL
10/12/2019,NULL
10-13-2019,NULL
10-14-2019,NULL
10-15-2019,NULL
10-16-2019,NULL
10-17-2019,NULL
10-18-2019,NULL
10-19-2019,NULL
10-20-2019,NULL
10-21-2019,NULL
10-22-2019,NULL
10-23-2019,NULL
10-24-2019,NULL
10-25-2019,NULL
10-26-2019,NULL
10-27-2019,NULL
10-28-2019,NULL
10-29-2019,NULL
10-30-2019,NULL
10-31-2019,NULL
11/01/2019,NULL
11/02/2019,NULL
11/03/2019,NULL
11/04/2019,NULL
11/05/2019,NULL
11/06/2019,NULL
11/07/2019,NULL
11/08/2019,NULL
11/09/2019,NULL
11/10/2019,NULL
11/11/2019,NULL
11/12/2019,NULL
11-13-2019,NULL
11-14-2019,NULL
11-15-2019,NULL
11-16-2019,NULL
11-17-2019,NULL
11-18-2019,NULL
11-19-2019,NULL
11-20-2019,NULL
11-21-2019,NULL
11-22-2019,NULL
11-23-2019,NULL
11-24-2019,NULL
11-25-2019,NULL
11-26-2019,NULL
11-27-2019,NULL
11-28-2019,NULL
11-29-2019,NULL
11-30-2019,NULL
12/01/2019,NULL
12/02/2019,NULL
12/03/2019,NULL
12/04/2019,NULL
12/05/2019,NULL
12/06/2019,NULL
12/07/2019,NULL
12/08/2019,NULL
12/09/2019,NULL
12/10/2019,NULL
12/11/2019,NULL
12/12/2019,NULL
12-13-2019,NULL
12-14-2019,NULL
12-15-2019,NULL
12-16-2019,NULL
12-17-2019,NULL
12-18-2019,NULL
12-19-2019,NULL
12-20-2019,NULL
12-21-2019,NULL
12-22-2019,NULL
12-23-2019,NULL
12-24-2019,NULL
12-25-2019,NULL
12-26-2019,NULL
12-27-2019,NULL
12-28-2019,NULL
12-29-2019,NULL
12-30-2019,NULL
12-31-2019,NULL
01/01/2020,NULL
01/02/2020,NULL
01/03/2020,NULL
01/04/2020,NULL
01/05/2020,NULL
01/06/2020,NULL
01/07/2020,NULL
01/08/2020,NULL
01/09/2020,NULL
01/10/2020,NULL
01/11/2020,NULL
01/12/2020,NULL
01-13-2020,NULL
01-14-2020,NULL
01-15-2020,NULL
01-16-2020,NULL
01-17-2020,NULL
01-18-2020,NULL
01-19-2020,NULL
01-20-2020,NULL
01-21-2020,NULL
01-22-2020,NULL
01-23-2020,NULL
01-24-2020,NULL
01-25-2020,NULL
01-26-2020,NULL
01-27-2020,NULL
01-28-2020,NULL
01-29-2020,NULL
01-30-2020,NULL
01-31-2020,NULL
02/01/2020,NULL
02/02/2020,NULL
02/03/2020,NULL
02/04/2020,NULL
02/05/2020,NULL
02/06/2020,NULL
02/07/2020,NULL
02/08/2020,NULL
02/09/2020,NULL
02/10/2020,NULL
02/11/2020,NULL
02/12/2020,NULL
02-13-2020,NULL
02-14-2020,NULL
02-15-2020,NULL
02-16-2020,NULL
02-17-2020,NULL
02-18-2020,NULL
02-19-2020,NULL
02-20-2020,NULL
02-21-2020,NULL
02-22-2020,NULL
02-23-2020,NULL
02-24-2020,NULL
02-25-2020,NULL
02-26-2020,NULL
02-27-2020,NULL
02-28-2020,NULL
02-29-2020,NULL
03/01/2020,NULL
03/02/2020,NULL
03/03/2020,NULL
03/04/2020,NULL
03/05/2020,NULL
03/06/2020,NULL
03/07/2020,NULL
03/08/2020,NULL
03/09/2020,NULL
03/10/2020,NULL
03/11/2020,NULL
03/12/2020,NULL
03-13-2020,NULL
03-14-2020,NULL
03-15-2020,NULL
03-16-2020,NULL
03-17-2020,NULL
03-18-2020,NULL
03-19-2020,NULL
03-20-2020,NULL
03-21-2020,NULL
03-22-2020,NULL
03-23-2020,NULL
03-24-2020,NULL
03-25-2020,NULL
03-26-2020,NULL
03-27-2020,NULL
03-28-2020,NULL
03-29-2020,NULL
03-30-2020,NULL
03-31-2020,NULL
04/01/2020,NULL
04/02/2020,NULL
04/03/2020,NULL
04/04/2020,NULL
04/05/2020,NULL
04/06/2020,NULL
04/07/2020,NULL
04/08/2020,NULL
04/09/2020,NULL
04/10/2020,NULL
04/11/2020,NULL
04/12/2020,NULL
04-13-2020,NULL
04-14-2020,NULL
04-15-2020,NULL
04-16-2020,NULL
04-17-2020,NULL
04-18-2020,NULL
04-19-2020,NULL
04-20-2020,NULL
04-21-2020,NULL
04-22-2020,NULL
04-23-2020,NULL
04-24-2020,NULL
04-25-2020,NULL
04-26-2020,NULL
04-27-2020,NULL
04-28-2020,NULL
04-29-2020,NULL
04-30-2020,NULL
05/01/2020,NULL
05/02/2020,NULL
05/03/2020,NULL
05/04/2020,NULL
05/05/2020,NULL
05/06/2020,NULL
05/07/2020,NULL
05/08/2020,NULL
05/09/2020,NULL
05/10/2020,NULL
05/11/2020,NULL
05/12/2020,NULL
05-13-2020,NULL
05-14-2020,NULL
05-15-2020,NULL
05-16-2020,NULL
05-17-2020,NULL
05-18-2020,NULL
05-19-2020,NULL
05-20-2020,NULL
05-21-2020,NULL
05-22-2020,NULL
05-23-2020,NULL
05-24-2020,NULL
05-25-2020,NULL
05-26-2020,NULL
05-27-2020,NULL
05-28-2020,NULL
05-29-2020,NULL
05-30-2020,NULL
05-31-2020,NULL
06/01/2020,NULL
06/02/2020,NULL
06/03/2020,NULL
06/04/2020,NULL
06/05/2020,NULL
06/06/2020,NULL
06/07/2020,NULL
06/08/2020,NULL
06/09/2020,NULL
06/10/2020,NULL
06/11/2020,NULL
06/12/2020,NULL
06-13-2020,NULL
06-14-2020,NULL
06-15-2020,NULL
06-16-2020,NULL
06-17-2020,NULL
06-18-2020,NULL
06-19-2020,NULL
06-20-2020,NULL
06-21-2020,NULL
06-22-2020,NULL
06-23-2020,NULL
06-24-2020,NULL
06-25-2020,NULL
06-26-2020,NULL
06-27-2020,NULL
06-28-2020,NULL
06-29-2020,NULL
06-30-2020,NULL
07/01/2020,NULL
07/02/2020,NULL
07/03/2020,NULL
07/04/2020,NULL
07/05/2020,NULL
07/06/2020,NULL
07/07/2020,NULL
07/08/2020,NULL
07/09/2020,NULL
07/10/2020,NULL
07/11/2020,NULL
07/12/2020,NULL
07-13-2020,NULL
07-14-2020,NULL
07-15-2020,NULL
07-16-2020,NULL
07-17-2020,NULL
07-18-2020,NULL
07-19-2020,NULL
07-20-2020,NULL
07-21-2020,NULL
07-22-2020,NULL
07-23-2020,NULL
07-24-2020,NULL
07-25-2020,NULL
07-26-2020,NULL
07-27-2020,NULL
07-28-2020,NULL
07-29-2020,NULL
07-30-2020,NULL
07-31-2020,NULL
08/01/2020,NULL
08/02/2020,NULL
08/03/2020,NULL
08/04/2020,NULL
08/05/2020,NULL
08/06/2020,NULL
08/07/2020,NULL
08/08/2020,NULL
08/09/2020,NULL
08/10/2020,NULL
08/11/2020,NULL
08/12/2020,NULL
08-13-2020,NULL
08-14-2020,NULL
08-15-2020,NULL
08-16-2020,NULL
08-17-2020,NULL
08-18-2020,NULL
08-19-2020,NULL
08-20-2020,NULL
08-21-2020,NULL
08-22-2020,NULL
08-23-2020,NULL
08-24-2020,NULL
08-25-2020,NULL
08-26-2020,NULL
08-27-2020,NULL
08-28-2020,NULL
08-29-2020,NULL
08-30-2020,NULL
08-31-2020,NULL
09/01/2020,NULL
09/02/2020,NULL
09/03/2020,NULL
09/04/2020,NULL
09/05/2020,NULL
09/06/2020,NULL
09/07/2020,NULL
09/08/2020,NULL
09/09/2020,NULL
09/10/2020,NULL
09/11/2020,NULL
09/12/2020,NULL
09-13-2020,NULL
09-14-2020,NULL
09-15-2020,NULL
09-16-2020,NULL
09-17-2020,NULL
09-18-2020,NULL
09-19-2020,NULL
09-20-2020,NULL
09-21-2020,NULL
09-22-2020,NULL
09-23-2020,NULL
09-24-2020,NULL
09-25-2020,NULL
09-26-2020,NULL
09-27-2020,NULL
09-28-2020,NULL
09-29-2020,NULL
09-30-2020,NULL
10/01/2020,NULL
10/02/2020,NULL
10/03/2020,NULL
10/04/2020,NULL
10/05/2020,NULL
10/06/2020,NULL
10/07/2020,NULL
10/08/2020,NULL
10/09/2020,NULL
10/10/2020,NULL
10/11/2020,NULL
10/12/2020,NULL
10-13-2020,NULL
10-14-2020,NULL
10-15-2020,NULL
10-16-2020,NULL
10-17-2020,NULL
10-18-2020,NULL
10-19-2020,NULL
10-20-2020,NULL
10-21-2020,NULL
10-22-2020,NULL
10-23-2020,NULL
10-24-2020,NULL
10-25-2020,NULL
10-26-2020,NULL
10-27-2020,NULL
10-28-2020,NULL
10-29-2020,NULL
10-30-2020,NULL
10-31-2020,NULL
11/01/2020,NULL
11/02/2020,NULL
11/03/2020,NULL
11/04/2020,NULL
11/05/2020,NULL
11/06/2020,NULL
11/07/2020,NULL
11/08/2020,NULL
11/09/2020,NULL
11/10/2020,NULL
11/11/2020,NULL
11/12/2020,NULL
11-13-2020,NULL
11-14-2020,NULL
11-15-2020,NULL
11-16-2020,NULL
11-17-2020,NULL
11-18-2020,NULL
11-19-2020,NULL
11-20-2020,NULL
11-21-2020,NULL
11-22-2020,NULL
11-23-2020,NULL
11-24-2020,NULL
11-25-2020,NULL
11-26-2020,NULL
11-27-2020,NULL
11-28-2020,NULL
11-29-2020,NULL
11-30-2020,NULL
12/01/2020,NULL
12/02/2020,NULL
12/03/2020,NULL
12/04/2020,NULL
12/05/2020,NULL
12/06/2020,NULL
12/07/2020,NULL
12/08/2020,NULL
12/09/2020,NULL
12/10/2020,NULL
12/11/2020,NULL
12/12/2020,NULL
12-13-2020,NULL
12-14-2020,NULL
12-15-2020,NULL
12-16-2020,NULL
12-17-2020,NULL
12-18-2020,NULL
12-19-2020,NULL
12-20-2020,NULL
12-21-2020,NULL
12-22-2020,NULL
12-23-2020,NULL
12-24-2020,NULL
12-25-2020,NULL
12-26-2020,NULL
12-27-2020,NULL
12-28-2020,NULL
12-29-2020,NULL
12-30-2020,NULL
12-31-2020,NULL
01/01/2021,NULL
01/02/2021,NULL
01/03/2021,NULL
01/04/2021,NULL
01/05/2021,NULL
01/06/2021,NULL
01/07/2021,NULL
01/08/2021,NULL
01/09/2021,NULL
01/10/2021,NULL
01/11/2021,NULL
01/12/2021,NULL
01-13-2021,NULL
01-14-2021,NULL
01-15-2021,NULL
01-16-2021,NULL
01-17-2021,NULL
01-18-2021,NULL
01-19-2021,NULL
01-20-2021,NULL
01-21-2021,NULL
01-22-2021,NULL
01-23-2021,NULL
01-24-2021,NULL
01-25-2021,NULL
01-26-2021,NULL
01-27-2021,NULL
01-28-2021,NULL
01-29-2021,NULL
01-30-2021,NULL
01-31-2021,NULL
02/01/2021,NULL
02/02/2021,NULL
02/03/2021,NULL
02/04/2021,NULL
02/05/2021,NULL
02/06/2021,NULL
02/07/2021,NULL
02/08/2021,NULL
02/09/2021,NULL
02/10/2021,NULL
02/11/2021,NULL
02/12/2021,NULL
02-13-2021,NULL
02-14-2021,NULL
02-15-2021,NULL
02-16-2021,NULL
02-17-2021,NULL
02-18-2021,NULL
02-19-2021,NULL
02-20-2021,NULL
02-21-2021,NULL
02-22-2021,NULL
02-23-2021,NULL
02-24-2021,NULL
02-25-2021,NULL
02-26-2021,NULL
02-27-2021,NULL
02-28-2021,NULL
03/01/2021,NULL
03/02/2021,NULL
03/03/2021,NULL
03/04/2021,NULL
03/05/2021,NULL
03/06/2021,NULL
03/07/2021,NULL
03/08/2021,NULL
03/09/2021,NULL
03/10/2021,NULL
03/11/2021,NULL
03/12/2021,NULL
03-13-2021,NULL
03-14-2021,NULL
03-15-2021,NULL
03-16-2021,NULL
03-17-2021,NULL
03-18-2021,NULL
03-19-2021,NULL
03-20-2021,NULL
03-21-2021,NULL
03-22-2021,NULL
03-23-2021,NULL
03-24-2021,NULL
03-25-2021,NULL
03-26-2021,NULL
03-27-2021,NULL
03-28-2021,NULL
03-29-2021,NULL
03-30-2021,NULL
03-31-2021,NULL
04/01/2021,NULL
04/02/2021,NULL
04/03/2021,NULL
04/04/2021,NULL
04/05/2021,NULL
04/06/2021,NULL
04/07/2021,NULL
04/08/2021,NULL
04/09/2021,NULL
04/10/2021,NULL
04/11/2021,NULL
04/12/2021,NULL
04-13-2021,NULL
04-14-2021,NULL
04-15-2021,NULL
04-16-2021,NULL
04-17-2021,NULL
04-18-2021,NULL
04-19-2021,NULL
04-20-2021,NULL
04-21-2021,NULL
04-22-2021,NULL
04-23-2021,NULL
04-24-2021,NULL
04-25-2021,NULL
04-26-2021,NULL
04-27-2021,NULL
04-28-2021,NULL
04-29-2021,NULL
04-30-2021,NULL
05/01/2021,NULL
05/02/2021,NULL
05/03/2021,NULL
05/04/2021,NULL
05/05/2021,NULL
05/06/2021,NULL
05/07/2021,NULL
05/08/2021,NULL
05/09/2021,NULL
05/10/2021,NULL
05/11/2021,NULL
05/12/2021,NULL
05-13-2021,NULL
05-14-2021,NULL
05-15-2021,NULL
05-16-2021,NULL
05-17-2021,NULL
05-18-2021,NULL
05-19-2021,NULL
05-20-2021,NULL
05-21-2021,NULL
05-22-2021,NULL
05-23-2021,NULL
05-24-2021,NULL
05-25-2021,NULL
05-26-2021,NULL
05-27-2021,NULL
05-28-2021,NULL
05-29-2021,NULL
05-30-2021,NULL
05-31-2021,NULL
06/01/2021,NULL
06/02/2021,NULL
06/03/2021,NULL
06/04/2021,NULL
06/05/2021,NULL
06/06/2021,NULL
06/07/2021,NULL
06/08/2021,NULL
06/09/2021,NULL
06/10/2021,NULL
06/11/2021,NULL
06/12/2021,NULL
06-13-2021,NULL
06-14-2021,NULL
06-15-2021,NULL
06-16-2021,NULL
06-17-2021,NULL
06-18-2021,NULL
06-19-2021,NULL
06-20-2021,NULL
06-21-2021,NULL
06-22-2021,NULL
06-23-2021,NULL
06-24-2021,NULL
06-25-2021,NULL
06-26-2021,NULL
06-27-2021,NULL
06-28-2021,NULL
06-29-2021,NULL
06-30-2021,NULL
07/01/2021,NULL
07/02/2021,NULL
07/03/2021,NULL
07/04/2021,NULL
07/05/2021,NULL
07/06/2021,NULL
07/07/2021,NULL
07/08/2021,NULL
07/09/2021,NULL
07/10/2021,NULL
07/11/2021,NULL
07/12/2021,NULL
07-13-2021,NULL
07-14-2021,NULL
07-15-2021,NULL
07-16-2021,NULL
07-17-2021,NULL
07-18-2021,NULL
07-19-2021,NULL
07-20-2021,NULL
07-21-2021,NULL
07-22-2021,NULL
07-23-2021,NULL
07-24-2021,NULL
07-25-2021,NULL
07-26-2021,NULL
07-27-2021,NULL
07-28-2021,NULL
07-29-2021,NULL
07-30-2021,13.46
07-31-2021,12.82
08/01/2021,12.57
08/02/2021,NULL
08/03/2021,NULL
08/04/2021,NULL
08/05/2021,NULL
08/06/2021,NULL
08/07/2021,NULL
08/08/2021,NULL
08/09/2021,NULL
08/10/2021,NULL
08/11/2021,NULL
08/12/2021,NULL
08-13-2021,NULL
08-14-2021,NULL
08-15-2021,NULL
08-16-2021,NULL
08-17-2021,NULL
08-18-2021,NULL
08-19-2021,NULL
08-20-2021,NULL
08-21-2021,NULL
08-22-2021,NULL
08-23-2021,NULL
08-24-2021,NULL
08-25-2021,NULL
08-26-2021,NULL
08-27-2021,NULL
08-28-2021,NULL
08-29-2021,NULL
08-30-2021,NULL
08-31-2021,NULL
09/01/2021,NULL
09/02/2021,NULL
09/03/2021,NULL
09/04/2021,NULL
09/05/2021,NULL
09/06/2021,NULL
09/07/2021,NULL
09/08/2021,NULL
09/09/2021,NULL
09/10/2021,NULL
09/11/2021,NULL
09/12/2021,NULL
09-13-2021,NULL
09-14-2021,NULL
09-15-2021,NULL
09-16-2021,NULL
09-17-2021,NULL
09-18-2021,NULL
09-19-2021,NULL
09-20-2021,NULL
09-21-2021,NULL
09-22-2021,NULL
09-23-2021,NULL
09-24-2021,NULL
09-25-2021,NULL
09-26-2021,NULL
09-27-2021,NULL
09-28-2021,NULL
09-29-2021,NULL
09-30-2021,NULL
10/01/2021,NULL
10/02/2021,NULL
10/03/2021,NULL
10/04/2021,NULL
10/05/2021,NULL
10/06/2021,NULL
10/07/2021,NULL
10/08/2021,NULL
10/09/2021,NULL
10/10/2021,NULL
10/11/2021,NULL
10/12/2021,NULL
10-13-2021,NULL
10-14-2021,NULL
10-15-2021,NULL
10-16-2021,NULL
10-17-2021,NULL
10-18-2021,NULL
10-19-2021,NULL
10-20-2021,NULL
10-21-2021,NULL
10-22-2021,NULL
10-23-2021,NULL
10-24-2021,NULL
10-25-2021,NULL
10-26-2021,NULL
10-27-2021,NULL
10-28-2021,NULL
10-29-2021,NULL
10-30-2021,NULL
10-31-2021,NULL
11/01/2021,NULL
11/02/2021,NULL
11/03/2021,NULL
11/04/2021,NULL
11/05/2021,NULL
11/06/2021,NULL
11/07/2021,NULL
11/08/2021,NULL
11/09/2021,NULL
11/10/2021,NULL
11/11/2021,NULL
11/12/2021,NULL
11-13-2021,NULL
11-14-2021,NULL
11-15-2021,NULL
11-16-2021,NULL
11-17-2021,NULL
11-18-2021,NULL
11-19-2021,NULL
11-20-2021,NULL
11-21-2021,NULL
11-22-2021,NULL
11-23-2021,NULL
11-24-2021,NULL
11-25-2021,NULL
11-26-2021,NULL
11-27-2021,NULL
11-28-2021,NULL
11-29-2021,NULL
11-30-2021,NULL
12/01/2021,NULL
12/02/2021,NULL
12/03/2021,NULL
12/04/2021,NULL
12/05/2021,NULL
12/06/2021,NULL
12/07/2021,NULL
12/08/2021,NULL
12/09/2021,NULL
12/10/2021,NULL
12/11/2021,NULL
12/12/2021,NULL
12-13-2021,NULL
12-14-2021,NULL
12-15-2021,NULL
12-16-2021,NULL
12-17-2021,NULL
12-18-2021,NULL
12-19-2021,NULL
12-20-2021,NULL
12-21-2021,NULL
12-22-2021,NULL
12-23-2021,NULL
12-24-2021,NULL
12-25-2021,NULL
12-26-2021,NULL
12-27-2021,NULL
12-28-2021,NULL
12-29-2021,NULL
12-30-2021,NULL
12-31-2021,NULL
01/01/2022,11.57
01/02/2022,11.55
01/03/2022,11.55
01/04/2022,11.55
01/05/2022,11.55
01/06/2022,11.55
01/07/2022,11.54
01/08/2022,11.53
01/09/2022,11.52
01/10/2022,11.5
01/11/2022,11.46
01/12/2022,11.46
01-13-2022,11.45
01-14-2022,11.44
01-15-2022,11.42
01-16-2022,11.42
01-17-2022,11.39
01-18-2022,11.38
01-19-2022,11.37
01-20-2022,11.38
01-21-2022,11.39
01-22-2022,11.36
01-23-2022,11.36
01-24-2022,11.35
01-25-2022,11.35
01-26-2022,11.34
01-27-2022,11.35
01-28-2022,11.34
01-29-2022,11.33
01-30-2022,11.34
01-31-2022,11.34
02/01/2022,11.3
02/02/2022,11.26
02/03/2022,11.23
02/04/2022,11.27
02/05/2022,11.25
02/06/2022,11.24
02/07/2022,11.22
02/08/2022,11.2
02/09/2022,11.22
02/10/2022,11.21
02/11/2022,11.21
02/12/2022,11.21
02-13-2022,11.21
02-14-2022,11.19
02-15-2022,11.21
02-16-2022,11.21
02-17-2022,11.19
02-18-2022,11.21
02-19-2022,11.21
02-20-2022,11.19
02-21-2022,11.17
02-22-2022,11.21
02-23-2022,11.24
02-24-2022,11.22
02-25-2022,11.19
02-26-2022,11.18
02-27-2022,11.18
02-28-2022,11.18
03/01/2022,11.18
03/02/2022,11.16
03/03/2022,11.16
03/04/2022,11.16
03/05/2022,11.16
03/06/2022,11.16
03/07/2022,11.14
03/08/2022,11.14
03/09/2022,11.13
03/10/2022,11.11
03/11/2022,11.11
03/12/2022,11.16
03-13-2022,11.3
03-14-2022,11.35
03-15-2022,11.64
03-16-2022,11.62
03-17-2022,11.64
03-18-2022,11.43
03-19-2022,11.33
03-20-2022,11.22
03-21-2022,11.18
03-22-2022,11.31
03-23-2022,11.37
03-24-2022,11.19
03-25-2022,11.17
03-26-2022,11.17
03-27-2022,11.16
03-28-2022,11.14
03-29-2022,11.14
03-30-2022,11.12
03-31-2022,11.13
04/01/2022,11.13
04/02/2022,11.13
04/03/2022,11.14
04/04/2022,11.1
04/05/2022,11.8
04/06/2022,11.89
04/07/2022,11.36
04/08/2022,11.39
04/09/2022,11.26
04/10/2022,11.25
04/11/2022,11.23
04/12/2022,11.24
04-13-2022,11.3
04-14-2022,11.26
04-15-2022,11.24
04-16-2022,11.22
04-17-2022,11.21
04-18-2022,11.2
04-19-2022,11.19
04-20-2022,11.19
04-21-2022,11.28
04-22-2022,11.23
04-23-2022,11.22
04-24-2022,11.21
04-25-2022,11.19
04-26-2022,11.2
04-27-2022,11.17
04-28-2022,11.2
04-29-2022,11.18
04-30-2022,11.18
05/01/2022,11.18
05/02/2022,11.18
05/03/2022,11.17
05/04/2022,11.16
05/05/2022,11.15
05/06/2022,11.29
05/07/2022,11.18
05/08/2022,11.16
05/09/2022,11.15
05/10/2022,11.14
05/11/2022,11.14
05/12/2022,11.13
05-13-2022,11.12
05-14-2022,11.15
05-15-2022,11.53
05-16-2022,11.54
05-17-2022,11.52
05-18-2022,11.4
05-19-2022,11.35
05-20-2022,11.42
05-21-2022,11.38
05-22-2022,11.55
05-23-2022,11.7
05-24-2022,11.46
05-25-2022,11.52
05-26-2022,11.36
05-27-2022,11.31
05-28-2022,11.29
05-29-2022,11.26
05-30-2022,11.29
05-31-2022,11.39
06/01/2022,11.32
06/02/2022,11.32
06/03/2022,11.31
06/04/2022,11.3
06/05/2022,11.33
06/06/2022,11.31
06/07/2022,11.32
06/08/2022,11.33
06/09/2022,11.32
06/10/2022,11.3
06/11/2022,11.31
06/12/2022,11.33
06-13-2022,11.31
06-14-2022,11.48
06-15-2022,11.55
06-16-2022,11.47
06-17-2022,11.38
06-18-2022,11.37
06-19-2022,11.62
06-20-2022,11.53
06-21-2022,11.38
06-22-2022,11.56
06-23-2022,11.67
06-24-2022,11.41
06-25-2022,11.35
06-26-2022,11.33
06-27-2022,11.34
06-28-2022,11.48
06-29-2022,11.42
06-30-2022,11.66
07/01/2022,11.93
07/02/2022,11.66
07/03/2022,11.51
07/04/2022,11.71
07/05/2022,11.46
07/06/2022,11.46
07/07/2022,11.82
07/08/2022,11.57
07/09/2022,11.49
07/10/2022,11.46
07/11/2022,11.46
07/12/2022,11.59
07-13-2022,11.88
07-14-2022,11.61
07-15-2022,11.58
07-16-2022,12.18
07-17-2022,11.89
07-18-2022,11.82
07-19-2022,11.67
07-20-2022,11.57
07-21-2022,11.83
07-22-2022,11.7
07-23-2022,11.71
07-24-2022,11.59
07-25-2022,11.61
07-26-2022,11.58
07-27-2022,11.63
07-28-2022,11.61
07-29-2022,11.82
07-30-2022,12.35
07-31-2022,12.6
08/01/2022,12.3
08/02/2022,13.28
08/03/2022,12.03
08/04/2022,11.94
08/05/2022,12.88
08/06/2022,13.06
08/07/2022,12.42
08/08/2022,12.32
08/09/2022,12.03
08/10/2022,11.93
08/11/2022,11.88
08/12/2022,11.91
08-13-2022,12.33
08-14-2022,12.39
08-15-2022,12.26
08-16-2022,12.2
08-17-2022,11.99
08-18-2022,11.96
08-19-2022,11.9
08-20-2022,11.93
08-21-2022,11.92
08-22-2022,11.92
08-23-2022,13.91
08-24-2022,13.82
08-25-2022,12.5
08-26-2022,12.19
08-27-2022,12.06
08-28-2022,12.02
08-29-2022,12.03
08-30-2022,12.09
08-31-2022,12.07
09/01/2022,11.96
09/02/2022,11.93
09/03/2022,12.64
09/04/2022,12.77
09/05/2022,12.27
09/06/2022,12.12
09/07/2022,12.05
09/08/2022,11.99
09/09/2022,12.22
09/10/2022,13.03
09/11/2022,12.51
09/12/2022,12.2
09-13-2022,12.08
09-14-2022,12.01
09-15-2022,11.98
09-16-2022,11.96
09-17-2022,11.96
09-18-2022,11.92
09-19-2022,12.18
09-20-2022,12.54
09-21-2022,12.21
09-22-2022,12.29
09-23-2022,12.58
09-24-2022,12.73
09-25-2022,12.96
09-26-2022,15.87
09-27-2022,13.17
09-28-2022,13.08
09-29-2022,12.92
09-30-2022,12.5
10/01/2022,12.36
10/02/2022,12.27
10/03/2022,12.25
10/04/2022,12.21
10/05/2022,12.17
10/06/2022,12.14
10/07/2022,12.11
10/08/2022,12.09
10/09/2022,12.07
10/10/2022,12.03
10/11/2022,12.06
10/12/2022,12.1
10-13-2022,12.22
10-14-2022,12.03
10-15-2022,12.24
10-16-2022,12.05
10-17-2022,12.01
10-18-2022,12
10-19-2022,12.14
10-20-2022,12.41
10-21-2022,12.18
10-22-2022,12.06
10-23-2022,12
10-24-2022,11.96
10-25-2022,12.54
10-26-2022,13.18
10-27-2022,12.36
10-28-2022,12.32
10-29-2022,15.03
10-30-2022,15.59
10-31-2022,13.51
11/01/2022,13.14
11/02/2022,13.01
11/03/2022,12.96
11/04/2022,12.96
11/05/2022,12.89
11/06/2022,12.84
11/07/2022,12.79
11/08/2022,12.77
11/09/2022,12.74
11/10/2022,12.71
11/11/2022,12.71
11/12/2022,12.71
11-13-2022,12.69
11-14-2022,12.64
11-15-2022,12.61
11-16-2022,12.6
11-17-2022,12.64
11-18-2022,12.64
11-19-2022,12.67
11-20-2022,12.69
11-21-2022,12.69
11-22-2022,12.66
11-23-2022,12.63
11-24-2022,12.61
11-25-2022,12.59
11-26-2022,12.57
11-27-2022,12.54
11-28-2022,12.51
11-29-2022,12.49
11-30-2022,12.47
12/01/2022,12.48
12/02/2022,12.49
12/03/2022,12.46
12/04/2022,12.43
12/05/2022,12.42
12/06/2022,12.4
12/07/2022,12.38
12/08/2022,12.36
12/09/2022,12.34
12/10/2022,12.39
12/11/2022,12.44
12/12/2022,12.37
12-13-2022,12.35
12-14-2022,12.32
12-15-2022,12.33
12-16-2022,12.32
12-17-2022,12.29
12-18-2022,12.3
12-19-2022,12.28
12-20-2022,12.28
12-21-2022,12.35
12-22-2022,12.3
12-23-2022,12.28
12-24-2022,12.25
12-25-2022,12.22
12-26-2022,12.19
12-27-2022,12.16
12-28-2022,12.14
12-29-2022,12.11
12-30-2022,12.11
12-31-2022,12.1
01/01/2023,12.08
01/02/2023,12.06
01/03/2023,12.25
01/04/2023,12.3
01/05/2023,13.2
01/06/2023,12.94
01/07/2023,12.61
01/08/2023,12.45
01/09/2023,12.38
01/10/2023,12.35
01/11/2023,12.32
01/12/2023,12.3
01-13-2023,12.27
01-14-2023,12.25
01-15-2023,12.24
01-16-2023,12.28
01-17-2023,12.24
01-18-2023,12.21
01-19-2023,12.21
01-20-2023,12.19
01-21-2023,12.17
01-22-2023,12.15
01-23-2023,12.14
01-24-2023,12.12
01-25-2023,12.13
01-26-2023,12.1
01-27-2023,12.06
01-28-2023,12.06
01-29-2023,12.04
01-30-2023,12
01-31-2023,12
02/01/2023,11.97
02/02/2023,11.95
02/03/2023,11.94
02/04/2023,11.94
02/05/2023,11.91
02/06/2023,11.89
02/07/2023,11.87
02/08/2023,11.86
02/09/2023,11.84
02/10/2023,11.83
02/11/2023,11.82
02/12/2023,11.8
02-13-2023,11.77
02-14-2023,11.76
02-15-2023,11.73
02-16-2023,11.72
02-17-2023,11.65
02-18-2023,11.62
02-19-2023,11.62
02-20-2023,11.67
02-21-2023,11.72
02-22-2023,11.67
02-23-2023,11.63
02-24-2023,11.63
02-25-2023,11.63
02-26-2023,11.61
02-27-2023,11.58
02-28-2023,11.55
03/01/2023,11.53
03/02/2023,11.52
03/03/2023,11.51
03/04/2023,11.49
03/05/2023,11.48
03/06/2023,11.46
03/07/2023,11.44
03/08/2023,11.42
03/09/2023,11.42
03/10/2023,11.41
03/11/2023,11.42
03/12/2023,11.39
03-13-2023,11.38
03-14-2023,11.38
03-15-2023,11.36
03-16-2023,11.35
03-17-2023,11.35
03-18-2023,11.35
03-19-2023,11.34
03-20-2023,11.33
03-21-2023,11.33
03-22-2023,11.31
03-23-2023,11.31
03-24-2023,11.3
03-25-2023,11.31
03-26-2023,11.31
03-27-2023,11.28
03-28-2023,11.28
03-29-2023,11.26
03-30-2023,11.26
03-31-2023,11.25
04/01/2023,11.23
04/02/2023,11.22
04/03/2023,11.21
04/04/2023,11.28
04/05/2023,11.25
04/06/2023,11.22
04/07/2023,11.19
04/08/2023,11.19
04/09/2023,11.18
04/10/2023,11.18
04/11/2023,11.18
04/12/2023,11.19
04-13-2023,11.56
04-14-2023,11.55
04-15-2023,11.3
04-16-2023,11.25
04-17-2023,11.24
04-18-2023,11.23
04-19-2023,11.21
04-20-2023,11.21
04-21-2023,11.21
04-22-2023,11.28
04-23-2023,11.23
04-24-2023,11.21
04-25-2023,11.2
04-26-2023,11.19
04-27-2023,11.18
04-28-2023,11.17
04-29-2023,11.16
04-30-2023,11.17
05/01/2023,11.15
05/02/2023,11.14
05/03/2023,11.12
05/04/2023,11.12
05/05/2023,11.13
05/06/2023,11.15
05/07/2023,11.16
05/08/2023,11.21
05/09/2023,11.3
05/10/2023,11.24
05/11/2023,11.19
05/12/2023,11.21
05-13-2023,11.19
05-14-2023,11.19
05-15-2023,11.22
05-16-2023,11.35
05-17-2023,11.22
05-18-2023,11.19
05-19-2023,11.22
05-20-2023,11.24
05-21-2023,11.34
05-22-2023,11.27
05-23-2023,11.29
05-24-2023,11.41
05-25-2023,11.44
05-26-2023,11.41
05-27-2023,11.36
05-28-2023,11.54
05-29-2023,11.32
05-30-2023,11.34
05-31-2023,11.27
06/01/2023,11.24
06/02/2023,11.26
06/03/2023,11.23
06/04/2023,11.31
06/05/2023,11.38
06/06/2023,11.41
06/07/2023,11.71
06/08/2023,11.55
06/09/2023,11.44
06/10/2023,11.73
06/11/2023,12.75
06/12/2023,12.36
06-13-2023,11.78
06-14-2023,11.54
06-15-2023,11.57
06-16-2023,11.66
06-17-2023,11.45
06-18-2023,11.52
06-19-2023,11.52
06-20-2023,11.52
06-21-2023,11.51
06-22-2023,11.75
06-23-2023,11.56
06-24-2023,11.44
06-25-2023,11.39
06-26-2023,11.36
06-27-2023,11.34
06-28-2023,11.46
06-29-2023,11.51
06-30-2023,11.4
07/01/2023,11.45
07/02/2023,11.83
07/03/2023,11.55
07/04/2023,11.45
07/05/2023,11.41
07/06/2023,11.39
07/07/2023,11.38
07/08/2023,11.34
07/09/2023,11.44
07/10/2023,11.37
07/11/2023,11.38
07/12/2023,11.38
07-13-2023,12.08
07-14-2023,12.71
07-15-2023,12.6
07-16-2023,13.1
07-17-2023,12.8
07-18-2023,12.13
07-19-2023,11.95
07-20-2023,11.9
07-21-2023,11.73
07-22-2023,11.71
07-23-2023,11.7
07-24-2023,12.13
07-25-2023,12.64
07-26-2023,13.29
07-27-2023,15.3
07-28-2023,14.69
07-29-2023,15.04
07-30-2023,15.06
07-31-2023,14.01
08/01/2023,14.03
08/02/2023,14.12
08/03/2023,15.24
08/04/2023,13.41
08/05/2023,12.75
08/06/2023,12.47
08/07/2023,12.31
08/08/2023,12.32
08/09/2023,12.26
08/10/2023,12.15
08/11/2023,12.12
08/12/2023,12.49
08-13-2023,12.16
08-14-2023,12.33
08-15-2023,12.24
08-16-2023,12.1
08-17-2023,12.1
08-18-2023,12.15
08-19-2023,12.19
08-20-2023,12.1
08-21-2023,12.11
08-22-2023,12.47
08-23-2023,12.29
08-24-2023,13.3
08-25-2023,12.72
08-26-2023,12.43
08-27-2023,12.45
08-28-2023,12.51
08-29-2023,12.64
08-30-2023,13.03
08-31-2023,15.22
09/01/2023,14.89
09/02/2023,15.02
09/03/2023,15.37
09/04/2023,14.56
09/05/2023,13.6
09/06/2023,12.97
09/07/2023,12.65
09/08/2023,12.57
09/09/2023,12.46
09/10/2023,12.47
09/11/2023,12.29
09/12/2023,12.97
09-13-2023,12.76
09-14-2023,12.62
09-15-2023,12.79
09-16-2023,12.47
09-17-2023,12.47
09-18-2023,12.58
09-19-2023,12.37
09-20-2023,12.29
09-21-2023,12.29
09-22-2023,12.27
09-23-2023,12.42
09-24-2023,12.23
09-25-2023,12.25
09-26-2023,12.64
09-27-2023,13.26
09-28-2023,12.8
09-29-2023,12.64
09-30-2023,12.4
10/01/2023,12.56
10/02/2023,11.04
10/03/2023,12.66
10/04/2023,12.68
10/05/2023,12.65
10/06/2023,12.78
10/07/2023,12.41
10/08/2023,12.45
10/09/2023,12.29
10/10/2023,12.19
10/11/2023,12.21
10/12/2023,12.15
10-13-2023,12.11
10-14-2023,12.16
10-15-2023,12.09
10-16-2023,12.04
10-17-2023,12.06
10-18-2023,11.99
10-19-2023,12.25
10-20-2023,12.29
10-21-2023,12.39
10-22-2023,12.17
10-23-2023,12.1
10-24-2023,12.11
10-25-2023,12.1
10-26-2023,12.08
10-27-2023,12.03
10-28-2023,11.98
10-29-2023,11.93
10-30-2023,11.89
10-31-2023,11.86
11/01/2023,11.88
11/02/2023,11.87
11/03/2023,11.88
11/04/2023,11.82
11/05/2023,11.81
11/06/2023,11.77
11/07/2023,11.81
11/08/2023,11.77
11/09/2023,11.77
11/10/2023,11.31
11/11/2023,11.71
11/12/2023,11.71
11-13-2023,11.59
11-14-2023,11.6
11-15-2023,10.36
11-16-2023,9.17
11-17-2023,9.15
11-18-2023,9.13
11-19-2023,9.12
11-20-2023,9.1
11-21-2023,10.2
11-22-2023,11.63
11-23-2023,11.61
11-24-2023,11.64
11-25-2023,11.69
11-26-2023,11.74
11-27-2023,11.71
11-28-2023,11.7
11-29-2023,11.75
11-30-2023,11.72
12/01/2023,11.71
12/02/2023,11.71
12/03/2023,11.7
12/04/2023,11.72
12/05/2023,11.77
12/06/2023,11.71
12/07/2023,11.71
12/08/2023,11.69
12/09/2023,11.67
12/10/2023,11.65
12/11/2023,11.63
12/12/2023,11.62
12-13-2023,11.6
12-14-2023,11.58
12-15-2023,11.61
12-16-2023,11.66
12-17-2023,11.63
12-18-2023,11.69
12-19-2023,11.71
12-20-2023,11.68
12-21-2023,11.65
12-22-2023,11.71
12-23-2023,11.72
12-24-2023,11.71
12-25-2023,11.69
12-26-2023,11.68
12-27-2023,11.68
12-28-2023,11.7
12-29-2023,11.67
12-30-2023,11.65
12-31-2023,11.74
01/01/2024,11.65
01/02/2024,11.62
01/03/2024,11.6
01/04/2024,11.59
01/05/2024,11.56
01/06/2024,11.55
01/07/2024,11.53
01/08/2024,11.52
01/09/2024,11.57
01/10/2024,11.58
01/11/2024,11.54
01/12/2024,11.52
01-13-2024,11.51
01-14-2024,11.48
01-15-2024,11.46
01-16-2024,11.45
01-17-2024,11.42
01-18-2024,11.4
01-19-2024,11.4
01-20-2024,11.39
01-21-2024,11.39
01-22-2024,11.37
01-23-2024,11.37
01-24-2024,11.36
01-25-2024,11.35
01-26-2024,11.33
01-27-2024,11.3
01-28-2024,11.29
01-29-2024,11.29
01-30-2024,11.28
01-31-2024,11.28
02/01/2024,11.27
02/02/2024,11.27
02/03/2024,11.27
02/04/2024,11.26
02/05/2024,11.24
02/06/2024,11.23
02/07/2024,11.24
02/08/2024,11.23
02/09/2024,11.22
02/10/2024,11.21
02/11/2024,11.2
02/12/2024,11.19
02-13-2024,11.18
02-14-2024,11.18
02-15-2024,11.17
02-16-2024,11.16
02-17-2024,11.15
02-18-2024,11.15
02-19-2024,11.13
02-20-2024,11.14
02-21-2024,11.13
02-22-2024,11.15
02-23-2024,11.17
02-24-2024,11.25
02-25-2024,11.28
02-26-2024,11.26
02-27-2024,11.26
02-28-2024,11.23
02-29-2024,11.22
03/01/2024,11.22
03/02/2024,11.2
03/03/2024,11.2
03/04/2024,11.2
03/05/2024,11.21
03/06/2024,11.21
03/07/2024,11.22
03/08/2024,11.2
03/09/2024,11.19
03/10/2024,11.2
03/11/2024,11.19
03/12/2024,11.18
03-13-2024,11.15
03-14-2024,11.16
03-15-2024,11.16
03-16-2024,11.18
03-17-2024,11.17
03-18-2024,11.17
03-19-2024,11.17
03-20-2024,11.17
03-21-2024,11.17
03-22-2024,11.16
03-23-2024,11.19
03-24-2024,11.18
03-25-2024,11.16
03-26-2024,11.16
03-27-2024,11.32
03-28-2024,11.14
03-29-2024,11.33
03-30-2024,11.17
03-31-2024,11.12
04/01/2024,11.15
04/02/2024,11.19
04/03/2024,11.18
04/04/2024,11.19
04/05/2024,11.2
04/06/2024,11.21
04/07/2024,11.22
04/08/2024,11.2
04/09/2024,11.19
04/10/2024,11.2
04/11/2024,11.21
04/12/2024,11.21
04-13-2024,11.21
04-14-2024,11.21
04-15-2024,11.2
04-16-2024,11.2
04-17-2024,11.21
04-18-2024,11.2
04-19-2024,11.18
04-20-2024,11.14
04-21-2024,11.15
04-22-2024,11.16
04-23-2024,11.18
04-24-2024,11.3
04-25-2024,11.23
04-26-2024,11.34
04-27-2024,11.25
04-28-2024,11.23
04-29-2024,11.21
04-30-2024,11.2
05/01/2024,11.21
05/02/2024,11.21
05/03/2024,11.17
05/04/2024,11.17
05/05/2024,11.18
05/06/2024,11.17
05/07/2024,11.17
05/08/2024,11.16
05/09/2024,11.17
05/10/2024,11.25
05/11/2024,11.2
05/12/2024,11.21
05-13-2024,11.33
05-14-2024,11.35
05-15-2024,11.32
05-16-2024,11.31
05-17-2024,11.34
05-18-2024,11.4
05-19-2024,11.39
05-20-2024,11.32
05-21-2024,11.26
05-22-2024,11.27
05-23-2024,11.23
05-24-2024,11.24
05-25-2024,11.21
05-26-2024,12.14
05-27-2024,11.88
05-28-2024,11.55
05-29-2024,11.52
05-30-2024,11.38
05-31-2024,11.32
06/01/2024,11.37
06/02/2024,11.49
06/03/2024,11.48
06/04/2024,11.42
06/05/2024,11.77
06/06/2024,11.67
06/07/2024,11.49
06/08/2024,11.48
06/09/2024,11.39
06/10/2024,11.52
06/11/2024,11.54
06/12/2024,11.44
06-13-2024,11.35
06-14-2024,11.37
06-15-2024,11.36
06-16-2024,11.3
06-17-2024,NULL
06-18-2024,NULL
06-19-2024,11.36
06-20-2024,11.38
06-21-2024,11.39
06-22-2024,11.47
06-23-2024,11.58
06-24-2024,11.83
06-25-2024,11.58
06-26-2024,11.46
06-27-2024,11.42
06-28-2024,11.37
06-29-2024,11.34
06-30-2024,11.39
07/01/2024,11.35
07/02/2024,11.39
07/03/2024,11.43
07/04/2024,11.36
07/05/2024,11.45
07/06/2024,11.37
07/07/2024,11.36
07/08/2024,11.51
07/09/2024,11.51
07/10/2024,11.42
07/11/2024,11.36
07/12/2024,11.35
07-13-2024,11.34
07-14-2024,11.33
07-15-2024,11.33
07-16-2024,11.33
07-17-2024,11.32
07-18-2024,11.33
07-19-2024,11.42
07-20-2024,11.44
07-21-2024,11.53
07-22-2024,11.92
07-23-2024,13.65
07-24-2024,17.77
07-25-2024,15.36
07-26-2024,14.29
07-27-2024,13.9
07-28-2024,13.71
07-29-2024,13.33
07-30-2024,12.83
07-31-2024,12.43
08/01/2024,12.27
08/02/2024,12.36
08/03/2024,12.31
08/04/2024,12.22
08/05/2024,12.37
08/06/2024,12.49
08/07/2024,12.3
08/08/2024,12.26
08/09/2024,12.25
08/10/2024,12.46
08/11/2024,12.32
08/12/2024,12.23
08-13-2024,12.16
08-14-2024,12.17
08-15-2024,12.15
08-16-2024,12.12
08-17-2024,12.09
08-18-2024,12.1
08-19-2024,12.05
08-20-2024,12.06
08-21-2024,12.02
08-22-2024,12
08-23-2024,11.97
08-24-2024,11.97
08-25-2024,11.97
08-26-2024,11.95
08-27-2024,12.01
08-28-2024,13.26
08-29-2024,12.39
08-30-2024,12.44
08-31-2024,12.25
09/01/2024,12.12
09/02/2024,14.98
09/03/2024,14.45
09/04/2024,14.99
09/05/2024,14.78
09/06/2024,14.11
09/07/2024,13.65
09/08/2024,13.21
09/09/2024,12.76
09/10/2024,12.57
09/11/2024,12.58
09/12/2024,12.58
09-13-2024,12.59
09-14-2024,12.57
09-15-2024,12.62
09-16-2024,12.85
09-17-2024,12.87
09-18-2024,13.05
09-19-2024,13.15
09-20-2024,12.89
09-21-2024,12.8
09-22-2024,12.65
09-23-2024,12.61
09-24-2024,12.56
09-25-2024,12.51
09-26-2024,NULL
09-27-2024,NULL
09-28-2024,NULL
09-29-2024,NULL
09-30-2024,NULL
10/01/2024,12.35
10/02/2024,12.32
10/03/2024,12.3
10/04/2024,12.27
10/05/2024,12.26
10/06/2024,12.37
10/07/2024,12.64
10/08/2024,12.6
10/09/2024,12.49
10/10/2024,12.36
10/11/2024,12.38
10/12/2024,12.5
10-13-2024,NULL
10-14-2024,NULL
10-15-2024,NULL
10-16-2024,NULL
10-17-2024,NULL
10-18-2024,NULL
10-19-2024,12.13
10-20-2024,12.12
10-21-2024,12.22
10-22-2024,12.18
10-23-2024,13.22
10-24-2024,14.77
10-25-2024,15.16
10-26-2024,14.18
10-27-2024,13.89
10-28-2024,13.58
10-29-2024,13.21
10-30-2024,12.97
10-31-2024,12.93
11/01/2024,12.92
11/02/2024,12.88
11/03/2024,12.83
11/04/2024,12.79
11/05/2024,NULL
11/06/2024,12.85
11/07/2024,12.81
11/08/2024,12.78
11/09/2024,12.75
11/10/2024,12.7
11/11/2024,12.69
11/12/2024,12.66
11-13-2024,12.69
11-14-2024,12.63
11-15-2024,12.61
11-16-2024,12.57
11-17-2024,12.56
11-18-2024,12.65
11-19-2024,12.57
11-20-2024,12.53
11-21-2024,12.49
11-22-2024,12.46
11-23-2024,12.43
11-24-2024,12.4
11-25-2024,12.36
11-26-2024,12.34
11-27-2024,12.32
11-28-2024,12.29
11-29-2024,12.27
11-30-2024,12.25
12/01/2024,12.25
12/02/2024,12.21
12/03/2024,NULL
12/04/2024,NULL
12/05/2024,NULL
12/06/2024,NULL
12/07/2024,NULL
12/08/2024,NULL
12/09/2024,NULL
12/10/2024,NULL
12/11/2024,NULL
12/12/2024,12.23
12-13-2024,12.21
12-14-2024,12.2
12-15-2024,12.18
12-16-2024,12.15
12-17-2024,12.13
12-18-2024,12.14
12-19-2024,12.14
12-20-2024,12.14
12-21-2024,12.12
12-22-2024,12.13
12-23-2024,12.1
12-24-2024,12.1
12-25-2024,12.26
12-26-2024,12.29
12-27-2024,12.3
12-28-2024,12.36
12-29-2024,12.36
12-30-2024,12.41
12-31-2024,12.42
01/01/2025,12.42
01/02/2025,12.41
01/03/2025,12.42
01/04/2025,12.47
01/05/2025,12.41
01/06/2025,12.37
01/07/2025,12.36
01/08/2025,12.34
01/09/2025,12.32
01/10/2025,12.3
01/11/2025,12.28
01/12/2025,12.25
01-13-2025,12.25
01-14-2025,12.23
01-15-2025,12.23
01-16-2025,12.23
01-17-2025,12.22
01-18-2025,12.2
01-19-2025,12.16
01-20-2025,12.14
01-21-2025,12.14
01-22-2025,12.12
01-23-2025,12.09
01-24-2025,12.08
01-25-2025,12.06
01-26-2025,12.04
01-27-2025,12.01
01-28-2025,11.98
01-29-2025,11.97
01-30-2025,11.94
01-31-2025,11.92
02/01/2025,11.93
02/02/2025,11.91
02/03/2025,11.89
02/04/2025,11.87
02/05/2025,11.86
02/06/2025,11.83
02/07/2025,11.83
02/08/2025,11.84
02/09/2025,11.84
02/10/2025,11.83
02/11/2025,11.83
02/12/2025,11.84
02-13-2025,11.84
02-14-2025,11.84
02-15-2025,11.83
02-16-2025,11.82
02-17-2025,11.83
02-18-2025,11.8
02-19-2025,11.77
02-20-2025,11.76
02-21-2025,11.76
02-22-2025,11.77
02-23-2025,11.75
02-24-2025,11.73
02-25-2025,11.72
02-26-2025,11.7
02-27-2025,11.69
02-28-2025,11.67
03/01/2025,11.66
03/02/2025,11.66
03/03/2025,11.64
03/04/2025,11.65
03/05/2025,11.64
03/06/2025,11.63
03/07/2025,11.61
03/08/2025,11.61
03/09/2025,11.59
03/10/2025,11.59
03/11/2025,11.58
03/12/2025,11.57
03-13-2025,11.56
03-14-2025,11.55
03-15-2025,11.54
03-16-2025,11.53
03-17-2025,11.52
03-18-2025,11.5
03-19-2025,11.49
03-20-2025,11.47
03-21-2025,11.46
03-22-2025,11.44
03-23-2025,11.42
03-24-2025,11.42
03-25-2025,11.42
03-26-2025,11.41
03-27-2025,11.4
03-28-2025,11.39
03-29-2025,11.41
03-30-2025,11.39
03-31-2025,11.4
04/01/2025,11.38
04/02/2025,11.38
04/03/2025,11.37
04/04/2025,11.36
04/05/2025,11.38
04/06/2025,11.35
04/07/2025,11.34
04/08/2025,11.34
04/09/2025,11.33
04/10/2025,11.3
04/11/2025,11.31
04/12/2025,11.3
04-13-2025,11.36
04-14-2025,11.32
04-15-2025,NULL
04-16-2025,11.27
04-17-2025,11.26
04-18-2025,11.25
04-19-2025,11.25
04-20-2025,11.23
04-21-2025,11.23
04-22-2025,11.22
04-23-2025,11.21
04-24-2025,11.21
04-25-2025,11.19
04-26-2025,11.18
04-27-2025,11.17
04-28-2025,11.32
04-29-2025,11.21
04-30-2025,11.19
05/01/2025,11.26
05/02/2025,11.22
05/03/2025,11.18
05/04/2025,11.18
05/05/2025,11.22
05/06/2025,11.48
05/07/2025,11.29
05/08/2025,11.18
05/09/2025,11.16
05/10/2025,11.15
05/11/2025,11.16
05/12/2025,11.27
05-13-2025,11.36
05-14-2025,11.29
05-15-2025,11.17
05-16-2025,11.17
05-17-2025,11.17
05-18-2025,11.16
05-19-2025,11.16
05-20-2025,11.17
05-21-2025,11.16
05-22-2025,11.16
05-23-2025,11.16
05-24-2025,11.15
05-25-2025,11.16
05-26-2025,11.14
05-27-2025,11.15
05-28-2025,11.15
05-29-2025,11.14
05-30-2025,11.28
05-31-2025,11.31
06/01/2025,11.25
06/02/2025,11.2
06/03/2025,11.2
06/04/2025,11.18
06/05/2025,11.17
06/06/2025,11.38
06/07/2025,11.3
06/08/2025,11.77
06/09/2025,11.47
06/10/2025,11.43
06/11/2025,11.36
06/12/2025,11.37
06-13-2025,11.3
06-14-2025,11.28
06-15-2025,11.28
06-16-2025,11.29
06-17-2025,11.3
06-18-2025,11.29
06-19-2025,11.26
06-20-2025,11.26
06-21-2025,11.26
06-22-2025,11.33
06-23-2025,11.55
06-24-2025,11.5
06-25-2025,11.43
06-26-2025,11.43
06-27-2025,11.91
06-28-2025,11.76
06-29-2025,11.72
06-30-2025,11.91
07/01/2025,11.69
07/02/2025,11.6
07/03/2025,11.96
07/04/2025,11.63
07/05/2025,11.93
07/06/2025,11.67
07/07/2025,11.71
07/08/2025,11.63
07/09/2025,12.09
07/10/2025,12.66
07/11/2025,11.96
07/12/2025,11.82
07-13-2025,11.73
07-14-2025,11.7
07-15-2025,11.77
07-16-2025,12.24
07-17-2025,12.42
07-18-2025,12.02
07-19-2025,13.82
07-20-2025,13.67
07-21-2025,15.05
07-22-2025,16.31
07-23-2025,14.42
07-24-2025,14.23
07-25-2025,14.55
07-26-2025,13.9
07-27-2025,13.74
07-28-2025,14.45
07-29-2025,13.47
07-30-2025,13.16
07-31-2025,13.03
08/01/2025,12.96
08/02/2025,12.9
08/03/2025,12.85
08/04/2025,12.81
08/05/2025,12.83
08/06/2025,12.8
08/07/2025,12.77
08/08/2025,12.98
08/09/2025,13.33
08/10/2025,13.09
08/11/2025,12.77
08/12/2025,13.54
08-13-2025,13.41
08-14-2025,13.11
08-15-2025,12.78
08-16-2025,12.73
08-17-2025,12.62
08-18-2025,12.59
08-19-2025,12.56
08-20-2025,12.53
08-21-2025,12.5
08-22-2025,12.58
08-23-2025,12.59
08-24-2025,12.59
08-25-2025,12.53
08-26-2025,12.62
08-27-2025,12.64
08-28-2025,12.7
08-29-2025,12.65
08-30-2025,12.78
08-31-2025,12.65
09/01/2025,12.7
09/02/2025,12.65
09/03/2025,12.63
09/04/2025,12.61
09/05/2025,12.73
09/06/2025,12.68
09/07/2025,10.53
09/08/2025,10
09/09/2025,11.06
09/10/2025,12.12
09/11/2025,10.52
09/12/2025,11.66
09-13-2025,360.51
09-14-2025,555.37
09-15-2025,NULL
09-16-2025,NULL
09-17-2025,NULL
09-18-2025,NULL
09-19-2025,NULL
09-20-2025,NULL
09-21-2025,NULL
09-22-2025,13.44
09-23-2025,13.6
09-24-2025,13.31
09-25-2025,13.37
09-26-2025,13.48
09-27-2025,12.99
09-28-2025,12.94
09-29-2025,12.98
09-30-2025,12.87
10/01/2025,12.78
10/02/2025,12.74
10/03/2025,12.85
10/04/2025,12.92
10/05/2025,12.82
10/06/2025,12.93
10/07/2025,13.46
10/08/2025,13.57
10/09/2025,13.02
10/10/2025,12.92
10/11/2025,12.89
10/12/2025,12.79
10-13-2025,12.7
10-14-2025,12.62
10-15-2025,12.61
10-16-2025,12.62
10-17-2025,12.61
10-18-2025,12.58
10-19-2025,12.75
10-20-2025,12.73
10-21-2025,12.69
10-22-2025,12.63
10-23-2025,12.6
10-24-2025,12.59
10-25-2025,12.57
10-26-2025,12.54
10-27-2025,12.54
10-28-2025,12.59
10-29-2025,12.52
10-30-2025,12.6
10-31-2025,12.81
11/01/2025,12.83
11/02/2025,12.81
11/03/2025,12.93
11/04/2025,12.93
11/05/2025,12.92
11/06/2025,12.92
11/07/2025,12.94
11/08/2025,12.79
11/09/2025,13.26
11/10/2025,13.88
11/11/2025,13.73
11/12/2025,13.23
11-13-2025,13.09
11-14-2025,13.03
11-15-2025,13.07
11-16-2025,13.08
11-17-2025,13.24
11-18-2025,13.25
11-19-2025,13.23
11-20-2025,13.22
11-21-2025,13.2
11-22-2025,13.19
11-23-2025,12.94
11-24-2025,12.92
11-25-2025,12.96
11-26-2025,12.96
11-27-2025,12.92
11-28-2025,12.98
11-29-2025,13.23
11-30-2025,13.21
12/01/2025,12.95
12/02/2025,12.92
12/03/2025,12.89
12/04/2025,12.86
12/05/2025,12.82
12/06/2025,12.78
12/07/2025,12.75
12/08/2025,12.74
12/09/2025,12.78
12/10/2025,12.77
12/11/2025,12.74
12/12/2025,12.73
12-13-2025,12.71
12-14-2025,12.69
12-15-2025,12.69
12-16-2025,12.67
12-17-2025,12.53
12-18-2025,12.29
12-19-2025,12.32
12-20-2025,12.36
12-21-2025,12.31
12-22-2025,12.31
12-23-2025,12.45
12-24-2025,12.59
12-25-2025,12.57
12-26-2025,12.55
12-27-2025,12.52
12-28-2025,12.48
12-29-2025,12.46
12-30-2025,12.45
12-31-2025,12.45
