Date,WaterLevel
2016-01-01,15.84
2016-01-02,15.84
2016-01-03,15.84
2016-01-04,15.84
2016-01-05,15.84
2016-01-06,15.84
2016-01-07,15.84
2016-01-08,15.84
2016-01-09,15.84
2016-01-10,15.84
2016-01-11,15.84
2016-01-12,15.84
2016-01-13,15.84
2016-01-14,15.84
2016-01-15,15.84
2016-01-16,15.84
2016-01-17,15.84
2016-01-18,15.84
2016-01-19,15.84
2016-01-20,15.84
2016-01-21,15.84
2016-01-22,15.84
2016-01-23,15.84
2016-01-24,15.84
2016-01-25,15.84
2016-01-26,15.822
2016-01-27,15.81
2016-01-28,15.81
2016-01-29,15.81
2016-01-30,15.81
2016-01-31,15.81
2016-02-01,15.8
2016-02-02,15.8
2016-02-03,15.8
2016-02-04,15.8
2016-02-05,15.8
2016-02-06,15.8
2016-02-07,15.8
2016-02-08,15.8
2016-02-09,15.8
2016-02-10,15.8
2016-02-11,15.8
2016-02-12,15.8
2016-02-13,15.8
2016-02-14,15.8
2016-02-15,15.8
2016-02-16,15.8
2016-02-17,15.8
2016-02-18,15.8
2016-02-19,15.8
2016-02-20,15.8
2016-02-21,15.8
2016-02-22,15.8
2016-02-23,15.8
2016-02-24,15.8
2016-02-25,15.8
2016-02-26,15.8
2016-02-27,15.8
2016-02-28,15.8
2016-02-29,15.8
2016-03-01,15.8
2016-03-02,15.8
2016-03-03,15.8
2016-03-04,15.8
2016-03-05,15.8
2016-03-06,15.8
2016-03-07,15.8
2016-03-08,15.8
2016-03-09,15.8
2016-03-10,15.8
2016-03-11,15.8
2016-03-12,15.8
2016-03-13,15.8
2016-03-14,15.8
2016-03-15,15.8
2016-03-16,15.8
2016-03-17,15.8
2016-03-18,15.8
2016-03-19,15.8
2016-03-20,15.8
2016-03-21,15.8
2016-03-22,15.8
2016-03-23,15.8
2016-03-24,15.8
2016-03-25,15.8
2016-03-26,15.8
2016-03-27,15.8
2016-03-28,15.8
2016-03-29,15.8
2016-03-30,15.8
2016-03-31,15.8
2016-04-01,15.8
2016-04-02,15.8
2016-04-03,15.791
2016-04-04,15.79
2016-04-05,15.79
2016-04-06,15.79
2016-04-07,15.79
2016-04-08,15.79
2016-04-09,15.79
2016-04-10,15.79
2016-04-11,15.79
2016-04-12,15.79
2016-04-13,15.782
2016-04-14,15.78
2016-04-15,15.78
2016-04-16,15.78
2016-04-17,15.78
2016-04-18,15.78
2016-04-19,15.78
2016-04-20,15.78
2016-04-21,15.78
2016-04-22,15.78
2016-04-23,15.78
2016-04-24,15.78
2016-04-25,15.78
2016-04-26,15.78
2016-04-27,15.78
2016-04-28,15.78
2016-04-29,15.78
2016-04-30,15.78
2016-05-01,15.78
2016-05-02,15.78
2016-05-03,15.78
2016-05-04,15.78
2016-05-05,15.78
2016-05-06,15.78
2016-05-07,15.78
2016-05-08,15.78
2016-05-09,15.78
2016-05-10,15.78
2016-05-11,15.78
2016-05-12,15.78
2016-05-13,15.78
2016-05-14,15.78
2016-05-15,15.78
2016-05-16,15.78
2016-05-17,15.78
2016-05-18,15.78
2016-05-19,15.78
2016-05-20,15.78
2016-05-21,15.78
2016-05-22,15.78
2016-05-23,15.78
2016-05-24,15.78
2016-05-25,15.78
2016-05-26,15.786
2016-05-27,15.79
2016-05-28,15.79
2016-05-29,15.78
2016-05-30,15.78
2016-05-31,15.78
2016-06-01,15.78
2016-06-02,15.827
2016-06-03,15.81
2016-06-04,15.808
2016-06-05,15.8
2016-06-06,15.801
2016-06-07,15.833
2016-06-08,15.86
2016-06-09,15.86
2016-06-10,15.86
2016-06-11,15.862
2016-06-12,15.87
2016-06-13,15.87
2016-06-14,15.87
2016-06-15,15.886
2016-06-16,15.88
2016-06-17,15.88
2016-06-18,15.88
2016-06-19,15.88
2016-06-20,15.88
2016-06-21,15.88
2016-06-22,15.88
2016-06-23,15.88
2016-06-24,15.88
2016-06-25,15.88
2016-06-26,15.88
2016-06-27,15.88
2016-06-28,15.88
2016-06-29,15.88
2016-06-30,15.88
2016-07-01,15.88
2016-07-02,15.88
2016-07-03,15.88
2016-07-04,15.88
2016-07-05,15.93
2016-07-06,15.88
2016-07-07,15.88
2016-07-08,16.599
2016-07-09,15.924
2016-07-10,15.89
2016-07-11,15.89
2016-07-12,15.89
2016-07-13,15.89
2016-07-14,15.89
2016-07-15,15.89
2016-07-16,15.89
2016-07-17,15.89
2016-07-18,15.89
2016-07-19,15.89
2016-07-20,15.865
2016-07-21,15.84
2016-07-22,15.84
2016-07-23,15.84
2016-07-24,15.87
2016-07-25,15.84
2016-07-26,15.84
2016-07-27,15.84
2016-07-28,15.84
2016-07-29,15.84
2016-07-30,15.84
2016-07-31,15.84
2016-08-01,15.84
2016-08-02,15.84
2016-08-03,15.84
2016-08-04,15.84
2016-08-05,15.842
2016-08-06,15.85
2016-08-07,15.85
2016-08-08,15.85
2016-08-09,15.971
2016-08-10,15.863
2016-08-11,15.845
2016-08-12,16.464
2016-08-13,19.147
2016-08-14,19.013
2016-08-15,15.83
2016-08-16,16.989
2016-08-17,16.45
2016-08-18,15.994
2016-08-19,15.871
2016-08-20,16.045
2016-08-21,16.317
2016-08-22,15.938
2016-08-23,15.87
2016-08-24,15.87
2016-08-25,15.86
2016-08-26,15.882
2016-08-27,16.054
2016-08-28,15.939
2016-08-29,16.389
2016-08-30,16.126
2016-08-31,15.882
2016-09-01,15.855
2016-09-02,15.85
2016-09-03,15.85
2016-09-04,15.931
2016-09-05,15.853
2016-09-06,15.85
2016-09-07,15.884
2016-09-08,15.998
2016-09-09,15.973
2016-09-10,15.878
2016-09-11,15.87
2016-09-12,15.995
2016-09-13,15.912
2016-09-14,15.941
2016-09-15,15.896
2016-09-16,15.885
2016-09-17,15.871
2016-09-18,15.86
2016-09-19,16.148
2016-09-20,16.373
2016-09-21,16.001
2016-09-22,15.954
2016-09-23,15.952
2016-09-24,15.969
2016-09-25,16.021
2016-09-26,15.98
2016-09-27,16.113
2016-09-28,17.294
2016-09-29,16.672
2016-09-30,16.073
2016-10-01,15.979
2016-10-02,15.95
2016-10-03,15.934
2016-10-04,16.228
2016-10-05,16.124
2016-10-06,15.984
2016-10-07,15.965
2016-10-08,15.955
2016-10-09,15.952
2016-10-10,15.929
2016-10-11,16.385
2016-10-12,16.031
2016-10-13,16.007
2016-10-14,15.971
2016-10-15,15.947
2016-10-16,17.473
2016-10-17,16.112
2016-10-18,15.993
2016-10-19,15.961
2016-10-20,15.946
2016-10-21,15.926
2016-10-22,15.907
2016-10-23,15.9
2016-10-24,15.899
2016-10-25,15.89
2016-10-26,15.89
2016-10-27,15.89
2016-10-28,15.881
2016-10-29,15.88
2016-10-30,15.88
2016-10-31,15.88
2016-11-01,15.88
2016-11-02,15.88
2016-11-03,15.896
2016-11-04,15.89
2016-11-05,15.89
2016-11-06,15.881
2016-11-07,15.88
2016-11-08,15.88
2016-11-09,15.88
2016-11-10,15.88
2016-11-11,15.88
2016-11-12,15.88
2016-11-13,15.88
2016-11-14,15.88
2016-11-15,15.938
2016-11-16,15.922
2016-11-17,15.883
2016-11-18,15.88
2016-11-19,15.88
2016-11-20,15.88
2016-11-21,15.88
2016-11-22,15.88
2016-11-23,15.88
2016-11-24,15.88
2016-11-25,15.88
2016-11-26,15.88
2016-11-27,15.88
2016-11-28,15.88
2016-11-29,15.88
2016-11-30,15.88
2016-12-01,15.88
2016-12-02,15.88
2016-12-03,15.88
2016-12-04,15.88
2016-12-05,15.88
2016-12-06,15.88
2016-12-07,15.88
2016-12-08,15.88
2016-12-09,15.88
2016-12-10,15.88
2016-12-11,15.88
2016-12-12,15.88
2016-12-13,16.206
2016-12-14,15.978
2016-12-15,15.962
2016-12-16,15.968
2016-12-17,15.958
2016-12-18,15.932
2016-12-19,15.916
2016-12-20,15.903
2016-12-21,15.892
2016-12-22,15.886
2016-12-23,15.88
2016-12-24,15.876
2016-12-25,15.87
2016-12-26,16.097
2016-12-27,15.965
2016-12-28,15.923
2016-12-29,15.898
2016-12-30,15.89
2016-12-31,15.89
2017-01-01,15.89
2017-01-02,15.887
2017-01-03,15.88
2017-01-04,15.88
2017-01-05,15.88
2017-01-06,15.88
2017-01-07,15.88
2017-01-08,15.88
2017-01-09,15.88
2017-01-10,15.88
2017-01-11,15.88
2017-01-12,15.88
2017-01-13,15.88
2017-01-14,15.88
2017-01-15,15.88
2017-01-16,15.88
2017-01-17,15.88
2017-01-18,15.877
2017-01-19,15.87
2017-01-20,15.87
2017-01-21,15.87
2017-01-22,15.878
2017-01-23,15.9
2017-01-24,15.883
2017-01-25,15.88
2017-01-26,15.88
2017-01-27,15.88
2017-01-28,15.88
2017-01-29,15.88
2017-01-30,15.88
2017-01-31,15.87
2017-02-01,15.908
2017-02-02,15.923
2017-02-03,15.916
2017-02-04,15.914
2017-02-05,15.914
2017-02-06,15.92
2017-02-07,15.913
2017-02-08,15.92
2017-02-09,15.93
2017-02-10,15.93
2017-02-11,15.926
2017-02-12,15.93
2017-02-13,15.934
2017-02-14,15.941
2017-02-15,15.943
2017-02-16,15.944
2017-02-17,15.945
2017-02-18,15.97
2017-02-19,15.96
2017-02-20,15.954
2017-02-21,15.95
2017-02-22,15.95
2017-02-23,15.946
2017-02-24,15.943
2017-02-25,15.946
2017-02-26,15.95
2017-02-27,15.95
2017-02-28,15.944
2017-03-01,15.944
2017-03-02,15.946
2017-03-03,15.942
2017-03-04,15.942
2017-03-05,15.945
2017-03-06,15.943
2017-03-07,15.942
2017-03-08,15.935
2017-03-09,15.925
2017-03-10,15.913
2017-03-11,15.921
2017-03-12,15.914
2017-03-13,15.905
2017-03-14,15.9
2017-03-15,15.9
2017-03-16,15.9
2017-03-17,15.9
2017-03-18,15.91
2017-03-19,15.92
2017-03-20,15.92
2017-03-21,15.912
2017-03-22,15.905
2017-03-23,15.9
2017-03-24,15.9
2017-03-25,15.899
2017-03-26,15.89
2017-03-27,15.891
2017-03-28,15.9
2017-03-29,15.9
2017-03-30,15.895
2017-03-31,15.89
2017-04-01,15.89
2017-04-02,15.899
2017-04-03,15.9
2017-04-04,15.9
2017-04-05,15.9
2017-04-06,15.9
2017-04-07,15.9
2017-04-08,15.9
2017-04-09,15.9
2017-04-10,15.9
2017-04-11,15.9
2017-04-12,15.9
2017-04-13,15.9
2017-04-14,15.9
2017-04-15,15.9
2017-04-16,15.9
2017-04-17,15.902
2017-04-18,15.91
2017-04-19,15.913
2017-04-20,15.92
2017-04-21,15.931
2017-04-22,15.939
2017-04-23,15.93
2017-04-24,15.933
2017-04-25,15.93
2017-04-26,15.93
2017-04-27,15.933
2017-04-28,16.013
2017-04-29,15.964
2017-04-30,15.931
2017-05-01,15.923
2017-05-02,15.965
2017-05-03,15.937
2017-05-04,15.916
2017-05-05,15.907
2017-05-06,15.902
2017-05-07,15.9
2017-05-08,15.9
2017-05-09,15.93
2017-05-10,15.897
2017-05-11,15.89
2017-05-12,15.89
2017-05-13,15.89
2017-05-14,15.89
2017-05-15,15.89
2017-05-16,15.89
2017-05-17,15.89
2017-05-18,15.89
2017-05-19,15.89
2017-05-20,15.89
2017-05-21,15.91
2017-05-22,15.981
2017-05-23,15.932
2017-05-24,15.94
2017-05-25,15.969
2017-05-26,15.934
2017-05-27,15.965
2017-05-28,15.99
2017-05-29,15.973
2017-05-30,16.055
2017-05-31,15.995
2017-06-01,15.958
2017-06-02,15.938
2017-06-03,15.922
2017-06-04,16.0
2017-06-05,16.029
2017-06-06,16.03
2017-06-07,16.06
2017-06-08,16.025
2017-06-09,15.962
2017-06-10,16.013
2017-06-11,15.953
2017-06-12,15.94
2017-06-13,16.001
2017-06-14,15.93
2017-06-15,16.038
2017-06-16,15.947
2017-06-17,15.909
2017-06-18,15.9
2017-06-19,15.896
2017-06-20,15.99
2017-06-21,15.92
2017-06-22,15.802
2017-06-23,15.803
2017-06-24,15.79
2017-06-25,15.782
2017-06-26,15.79
2017-06-27,15.79
2017-06-28,15.79
2017-06-29,15.787
2017-06-30,15.81
2017-07-01,15.803
2017-07-02,15.83
2017-07-03,15.78
2017-07-04,15.78
2017-07-05,15.78
2017-07-06,15.78
2017-07-07,15.78
2017-07-08,15.78
2017-07-09,15.78
2017-07-10,15.78
2017-07-11,15.802
2017-07-12,15.79
2017-07-13,15.833
2017-07-14,15.8
2017-07-15,15.79
2017-07-16,15.79
2017-07-17,15.79
2017-07-18,15.79
2017-07-19,15.79
2017-07-20,15.79
2017-07-21,15.79
2017-07-22,15.803
2017-07-23,15.79
2017-07-24,15.858
2017-07-25,15.82
2017-07-26,16.363
2017-07-27,17.732
2017-07-28,17.721
2017-07-29,16.518
2017-07-30,15.831
2017-07-31,16.088
2017-08-01,16.468
2017-08-02,16.972
2017-08-03,16.39
2017-08-04,15.871
2017-08-05,15.85
2017-08-06,15.841
2017-08-07,15.84
2017-08-08,15.841
2017-08-09,15.831
2017-08-10,15.822
2017-08-11,15.82
2017-08-12,15.863
2017-08-13,15.82
2017-08-14,15.83
2017-08-15,15.83
2017-08-16,15.83
2017-08-17,15.83
2017-08-18,15.836
2017-08-19,16.417
2017-08-20,16.09
2017-08-21,17.201
2017-08-22,17.383
2017-08-23,16.0
2017-08-24,15.886
2017-08-25,16.995
2017-08-26,16.858
2017-08-27,16.661
2017-08-28,16.412
2017-08-29,15.953
2017-08-30,15.922
2017-08-31,15.747
2017-09-01,15.881
2017-09-02,15.877
2017-09-03,15.87
2017-09-04,15.87
2017-09-05,15.83
2017-09-06,15.84
2017-09-07,15.837
2017-09-08,15.83
2017-09-09,15.83
2017-09-10,15.83
2017-09-11,16.231
2017-09-12,18.116
2017-09-13,16.168
2017-09-14,16.09
2017-09-15,16.09
2017-09-16,16.09
2017-09-17,16.043
2017-09-18,15.895
2017-09-19,16.072
2017-09-20,16.078
2017-09-21,15.955
2017-09-22,15.95
2017-09-23,15.886
2017-09-24,15.857
2017-09-25,15.888
2017-09-26,15.852
2017-09-27,15.848
2017-09-28,15.84
2017-09-29,15.842
2017-09-30,15.84
2017-10-01,15.84
2017-10-02,15.84
2017-10-03,15.84
2017-10-04,15.844
2017-10-05,15.957
2017-10-06,15.852
2017-10-07,15.845
2017-10-08,15.84
2017-10-09,15.84
2017-10-10,16.013
2017-10-11,15.912
2017-10-12,15.956
2017-10-13,16.497
2017-10-14,16.638
2017-10-15,15.967
2017-10-16,15.903
2017-10-17,15.877
2017-10-18,15.865
2017-10-19,15.86
2017-10-20,15.86
2017-10-21,15.94
2017-10-22,15.878
2017-10-23,15.865
2017-10-24,15.86
2017-10-25,15.86
2017-10-26,15.857
2017-10-27,15.85
2017-10-28,15.85
2017-10-29,15.845
2017-10-30,15.84
2017-10-31,15.84
2017-11-01,16.199
2017-11-02,15.958
2017-11-03,15.867
2017-11-04,15.855
2017-11-05,15.85
2017-11-06,15.85
2017-11-07,15.85
2017-11-08,15.85
2017-11-09,16.399
2017-11-10,16.188
2017-11-11,15.917
2017-11-12,15.892
2017-11-13,15.874
2017-11-14,15.868
2017-11-15,15.86
2017-11-16,15.855
2017-11-17,15.85
2017-11-18,15.85
2017-11-19,15.85
2017-11-20,15.848
2017-11-21,15.84
2017-11-22,15.84
2017-11-23,15.84
2017-11-24,15.84
2017-11-25,15.84
2017-11-26,15.84
2017-11-27,15.84
2017-11-28,15.84
2017-11-29,15.84
2017-11-30,15.84
2017-12-01,15.84
2017-12-02,15.84
2017-12-03,15.84
2017-12-04,15.84
2017-12-05,15.84
2017-12-06,15.84
2017-12-07,15.84
2017-12-08,15.84
2017-12-09,15.84
2017-12-10,15.84
2017-12-11,15.84
2017-12-12,15.84
2017-12-13,15.84
2017-12-14,15.835
2017-12-15,15.831
2017-12-16,15.83
2017-12-17,15.83
2017-12-18,15.83
2017-12-19,15.83
2017-12-20,15.83
2017-12-21,15.83
2017-12-22,15.831
2017-12-23,15.831
2017-12-24,15.83
2017-12-25,15.83
2017-12-26,15.83
2017-12-27,15.83
2017-12-28,15.83
2017-12-29,15.83
2017-12-30,15.83
2017-12-31,15.83
2018-01-01,15.83
2018-01-02,15.83
2018-01-03,15.83
2018-01-04,15.83
2018-01-05,15.83
2018-01-06,15.83
2018-01-07,15.83
2018-01-08,15.83
2018-01-09,15.83
2018-01-10,15.83
2018-01-11,15.83
2018-01-12,15.83
2018-01-13,15.83
2018-01-14,15.83
2018-01-15,15.83
2018-01-16,15.83
2018-01-17,15.83
2018-01-18,15.83
2018-01-19,15.83
2018-01-20,15.83
2018-01-21,15.83
2018-01-22,15.83
2018-01-23,15.83
2018-01-24,15.83
2018-01-25,15.83
2018-01-26,15.83
2018-01-27,15.83
2018-01-28,15.83
2018-01-29,15.83
2018-01-30,15.83
2018-01-31,15.83
2018-02-01,15.83
2018-02-02,15.83
2018-02-03,15.83
2018-02-04,15.83
2018-02-05,15.83
2018-02-06,15.83
2018-02-07,15.83
2018-02-08,15.8
2018-02-09,15.79
2018-02-10,15.79
2018-02-11,15.79
2018-02-12,15.79
2018-02-13,15.79
2018-02-14,15.79
2018-02-15,15.79
2018-02-16,15.79
2018-02-17,15.79
2018-02-18,15.79
2018-02-19,15.79
2018-02-20,15.79
2018-02-21,15.79
2018-02-22,15.79
2018-02-23,15.79
2018-02-24,15.79
2018-02-25,15.79
2018-02-26,15.79
2018-02-27,15.79
2018-02-28,15.789
2018-03-01,15.79
2018-03-02,15.79
2018-03-03,15.79
2018-03-04,15.79
2018-03-05,15.79
2018-03-06,15.79
2018-03-07,15.79
2018-03-08,15.809
2018-03-09,15.81
2018-03-10,15.81
2018-03-11,15.81
2018-03-12,15.81
2018-03-13,15.81
2018-03-14,15.81
2018-03-15,15.81
2018-03-16,15.81
2018-03-17,15.81
2018-03-18,15.81
2018-03-19,15.81
2018-03-20,15.81
2018-03-21,15.81
2018-03-22,15.81
2018-03-23,15.81
2018-03-24,15.81
2018-03-25,15.81
2018-03-26,15.81
2018-03-27,15.81
2018-03-28,15.81
2018-03-29,15.81
2018-03-30,15.81
2018-03-31,15.81
2018-04-01,15.81
2018-04-02,15.81
2018-04-03,15.81
2018-04-04,15.81
2018-04-05,15.81
2018-04-06,15.81
2018-04-07,15.81
2018-04-08,15.81
2018-04-09,15.81
2018-04-10,15.81
2018-04-11,15.81
2018-04-12,15.81
2018-04-13,15.81
2018-04-14,15.817
2018-04-15,15.81
2018-04-16,15.81
2018-04-17,15.81
2018-04-18,15.81
2018-04-19,15.81
2018-04-20,15.81
2018-04-21,15.81
2018-04-22,15.81
2018-04-23,15.591
2018-04-24,15.81
2018-04-25,15.81
2018-04-26,15.81
2018-04-27,15.81
2018-04-28,15.81
2018-04-29,15.81
2018-04-30,15.81
2018-05-01,15.81
2018-05-02,15.81
2018-05-03,15.81
2018-05-04,15.81
2018-05-05,15.81
2018-05-06,15.81
2018-05-07,15.81
2018-05-08,15.81
2018-05-09,15.81
2018-05-10,15.81
2018-05-11,15.81
2018-05-12,15.809
2018-05-13,15.8
2018-05-14,15.8
2018-05-15,15.8
2018-05-16,15.8
2018-05-17,15.8
2018-05-18,15.8
2018-05-19,15.8
2018-05-20,15.8
2018-05-21,15.8
2018-05-22,15.8
2018-05-23,15.8
2018-05-24,15.8
2018-05-25,15.803
2018-05-26,15.8
2018-05-27,15.8
2018-05-28,15.8
2018-05-29,15.8
2018-05-30,15.8
2018-05-31,15.8
2018-06-01,15.77
2018-06-02,15.801
2018-06-03,15.8
2018-06-04,15.8
2018-06-05,15.8
2018-06-06,15.842
2018-06-07,15.81
2018-06-08,15.81
2018-06-09,16.67
2018-06-10,15.932
2018-06-11,16.758
2018-06-12,16.026
2018-06-13,16.608
2018-06-14,16.17
2018-06-15,15.89
2018-06-16,15.845
2018-06-17,15.815
2018-06-18,15.81
2018-06-19,15.81
2018-06-20,15.87
2018-06-21,16.465
2018-06-22,16.279
2018-06-23,16.024
2018-06-24,15.945
2018-06-25,15.846
2018-06-26,15.947
2018-06-27,15.836
2018-06-28,15.806
2018-06-29,15.142
2018-06-30,15.818
2018-07-01,15.838
2018-07-02,15.81
2018-07-03,15.81
2018-07-04,15.81
2018-07-05,15.81
2018-07-06,15.81
2018-07-07,15.775
2018-07-08,15.884
2018-07-09,15.993
2018-07-10,15.98
2018-07-11,15.85
2018-07-12,15.665
2018-07-13,16.023
2018-07-14,15.885
2018-07-15,15.952
2018-07-16,16.198
2018-07-17,19.256
2018-07-18,18.3
2018-07-19,17.221
2018-07-20,18.49
2018-07-21,18.041
2018-07-22,18.357
2018-07-23,16.495
2018-07-24,16.229
2018-07-25,16.72
2018-07-26,16.21
2018-07-27,16.091
2018-07-28,16.377
2018-07-29,16.053
2018-07-30,16.076
2018-07-31,16.375
2018-08-01,16.231
2018-08-02,16.376
2018-08-03,16.238
2018-08-04,16.079
2018-08-05,16.019
2018-08-06,16.059
2018-08-07,16.155
2018-08-08,16.0
2018-08-09,16.08
2018-08-10,16.425
2018-08-11,21.08
2018-08-12,19.705
2018-08-13,17.983
2018-08-14,16.86
2018-08-15,16.553
2018-08-16,16.56
2018-08-17,16.667
2018-08-18,16.392
2018-08-19,16.329
2018-08-20,16.532
2018-08-21,16.677
2018-08-22,16.264
2018-08-23,16.191
2018-08-24,16.362
2018-08-25,16.686
2018-08-26,16.175
2018-08-27,16.158
2018-08-28,16.15
2018-08-29,16.149
2018-08-30,16.15
2018-08-31,16.156
2018-09-01,16.141
2018-09-02,16.196
2018-09-03,16.12
2018-09-04,16.091
2018-09-05,16.216
2018-09-06,16.123
2018-09-07,16.176
2018-09-08,16.128
2018-09-09,16.09
2018-09-10,16.133
2018-09-11,16.09
2018-09-12,16.151
2018-09-13,16.063
2018-09-14,16.534
2018-09-15,18.622
2018-09-16,16.369
2018-09-17,16.161
2018-09-18,16.142
2018-09-19,16.118
2018-09-20,16.2
2018-09-21,16.241
2018-09-22,16.123
2018-09-23,16.09
2018-09-24,16.09
2018-09-25,16.09
2018-09-26,16.227
2018-09-27,16.078
2018-09-28,16.046
2018-09-29,16.009
2018-09-30,15.982
2018-10-01,15.963
2018-10-02,16.045
2018-10-03,16.08
2018-10-04,16.047
2018-10-05,16.005
2018-10-06,15.976
2018-10-07,15.956
2018-10-08,15.94
2018-10-09,15.933
2018-10-10,15.913
2018-10-11,15.903
2018-10-12,15.892
2018-10-13,15.883
2018-10-14,15.865
2018-10-15,15.87
2018-10-16,15.988
2018-10-17,15.961
2018-10-18,15.928
2018-10-19,15.91
2018-10-20,15.888
2018-10-21,15.877
2018-10-22,15.856
2018-10-23,15.85
2018-10-24,15.84
2018-10-25,15.84
2018-10-26,15.84
2018-10-27,15.85
2018-10-28,15.897
2018-10-29,15.98
2018-10-30,15.977
2018-11-01,15.933
2018-11-02,15.906
2018-11-03,15.887
2018-11-04,15.875
2018-11-05,15.864
2018-11-06,15.856
2018-11-07,15.85
2018-11-08,15.84
2018-11-09,15.84
2018-11-10,15.84
2018-11-11,15.84
2018-11-12,15.84
2018-11-13,15.84
2018-11-14,15.84
2018-11-15,15.84
2018-11-16,15.672
2018-11-17,15.848
2018-11-18,15.85
2018-11-19,15.85
2018-11-20,15.85
2018-11-21,15.85
2018-11-22,15.85
2018-11-23,15.85
2018-11-24,15.85
2018-11-25,15.683
2018-11-26,15.847
2018-11-27,15.84
2018-11-28,15.84
2018-11-29,15.84
2018-11-30,15.84
2018-12-01,15.84
2018-12-02,15.845
2018-12-03,15.85
2018-12-04,15.852
2018-12-05,15.86
2018-12-06,15.86
2018-12-07,15.855
2018-12-08,15.85
2018-12-09,15.845
2018-12-10,15.84
2018-12-11,15.84
2018-12-12,15.84
2018-12-13,15.84
2018-12-14,15.805
2018-12-15,15.84
2018-12-16,15.84
2018-12-17,15.84
2018-12-18,15.84
2018-12-19,15.84
2018-12-20,15.823
2018-12-21,15.838
2018-12-22,15.84
2018-12-23,16.025
2018-12-24,15.993
2018-12-25,15.798
2018-12-26,15.882
2018-12-27,15.862
2018-12-28,15.85
2018-12-29,15.86
2018-12-30,15.86
2019-01-01,15.876
2019-01-02,15.867
2019-01-03,15.86
2019-01-04,15.852
2019-01-05,15.845
2019-01-06,15.84
2019-01-07,15.84
2019-01-08,15.84
2019-01-09,15.84
2019-01-10,15.84
2019-01-11,15.84
2019-01-12,15.84
2019-01-13,15.84
2019-01-14,15.84
2019-01-15,15.84
2019-01-16,15.84
2019-01-17,14.52
2019-01-18,15.808
2019-01-19,15.84
2019-01-20,15.84
2019-01-21,15.18
2019-01-22,15.84
2019-01-23,15.84
2019-01-24,15.84
2019-01-25,15.84
2019-01-26,15.84
2019-01-27,15.84
2019-01-28,15.84
2019-01-29,15.84
2019-01-30,15.84
2019-01-31,15.84
2019-02-01,15.84
2019-02-02,15.84
2019-02-03,15.84
2019-02-04,15.84
2019-02-05,15.84
2019-02-06,15.84
2019-02-07,15.84
2019-02-08,15.84
2019-02-09,15.84
2019-02-10,15.84
2019-02-11,15.84
2019-02-12,15.84
2019-02-13,15.84
2019-02-14,15.84
2019-02-15,15.84
2019-02-16,15.84
2019-02-17,15.84
2019-02-18,15.84
2019-02-19,15.84
2019-02-20,15.84
2019-02-21,15.811
2019-02-22,15.84
2019-02-23,15.84
2019-02-24,15.84
2019-02-25,15.84
2019-02-26,15.84
2019-02-27,15.84
2019-02-28,15.84
2019-03-01,15.84
2019-03-02,15.84
2019-03-03,15.84
2019-03-04,15.842
2019-03-05,15.84
2019-03-06,15.84
2019-03-07,15.84
2019-03-08,15.632
2019-03-09,15.846
2019-03-10,15.84
2019-03-11,15.84
2019-03-12,15.84
2019-03-13,15.837
2019-03-14,15.84
2019-03-15,15.84
2019-03-16,15.84
2019-03-17,15.84
2019-03-18,15.18
2019-03-19,15.84
2019-03-20,15.84
2019-03-21,15.84
2019-03-22,15.18
2019-03-23,15.84
2019-03-24,15.84
2019-03-25,15.83
2019-03-26,15.83
2019-03-27,15.83
2019-03-28,15.83
2019-03-29,15.17
2019-03-30,15.83
2019-03-31,15.834
2019-04-02,15.83
2019-04-03,15.83
2019-04-04,15.83
2019-04-05,15.83
2019-04-06,15.83
2019-04-07,15.83
2019-04-08,15.83
2019-04-09,15.83
2019-04-10,15.83
2019-04-11,15.83
2019-04-12,15.811
2019-04-13,15.83
2019-04-14,15.843
2019-04-15,15.622
2019-04-16,15.83
2019-04-17,15.83
2019-04-18,15.83
2019-04-19,15.83
2019-04-20,15.83
2019-04-21,15.83
2019-04-22,15.83
2019-04-23,15.83
2019-04-24,15.83
2019-04-25,15.83
2019-04-26,15.83
2019-04-27,15.831
2019-04-28,15.83
2019-04-29,15.83
2019-04-30,15.83
2019-05-01,15.83
2019-05-02,15.858
2019-05-03,15.84
2019-05-04,15.84
2019-05-05,15.84
2019-05-06,15.84
2019-05-07,15.84
2019-05-08,16.039
2019-05-09,15.996
2019-05-10,15.882
2019-05-11,15.844
2019-05-12,15.84
2019-05-13,15.84
2019-05-14,15.84
2019-05-15,15.84
2019-05-16,15.84
2019-05-17,15.84
2019-05-18,15.84
2019-05-19,15.84
2019-05-20,15.84
2019-05-21,15.84
2019-05-22,15.94
2019-05-23,15.84
2019-05-24,15.84
2019-05-25,15.84
2019-05-26,16.048
2019-05-27,15.87
2019-05-28,15.85
2019-05-29,15.85
2019-05-30,15.846
2019-05-31,15.85
2019-06-01,15.85
2019-06-02,15.85
2019-06-03,15.85
2019-06-04,15.846
2019-06-05,15.841
2019-06-06,15.84
2019-06-07,15.84
2019-06-08,15.84
2019-06-09,15.87
2019-06-10,15.885
2019-06-11,15.852
2019-06-12,15.85
2019-06-13,15.85
2019-06-14,15.85
2019-06-15,15.85
2019-06-16,15.85
2019-06-17,15.85
2019-06-18,15.85
2019-06-19,15.85
2019-06-20,15.891
2019-06-21,15.879
2019-06-22,15.85
2019-06-23,15.85
2019-06-24,15.901
2019-06-25,15.962
2019-06-26,15.858
2019-06-27,15.859
2019-06-28,16.616
2019-06-29,16.092
2019-06-30,15.915
2019-07-01,16.015
2019-07-02,15.931
2019-07-03,15.864
2019-07-04,15.85
2019-07-05,15.85
2019-07-06,15.85
2019-07-07,15.862
2019-07-08,15.86
2019-07-09,15.85
2019-07-10,15.85
2019-07-11,15.85
2019-07-12,15.85
2019-07-13,15.85
2019-07-14,16.011
2019-07-15,15.853
2019-07-16,15.85
2019-07-17,15.85
2019-07-18,15.951
2019-07-19,15.864
2019-07-20,15.642
2019-07-21,15.854
2019-07-22,15.942
2019-07-23,15.907
2019-07-24,16.164
2019-07-25,15.924
2019-07-26,15.888
2019-07-27,15.939
2019-07-28,16.077
2019-07-29,16.018
2019-07-30,16.069
2019-07-31,15.957
2019-08-01,15.911
2019-08-02,16.779
2019-08-03,17.058
2019-08-04,16.578
2019-08-05,16.198
2019-08-06,16.095
2019-08-07,16.059
2019-08-08,16.696
2019-08-09,17.665
2019-08-10,16.674
2019-08-11,16.09
2019-08-12,15.982
2019-08-13,15.958
2019-08-14,15.895
2019-08-15,15.889
2019-08-16,15.869
2019-08-17,15.856
2019-08-18,15.85
2019-08-19,15.85
2019-08-20,15.97
2019-08-21,16.366
2019-08-22,16.091
2019-08-23,16.09
2019-08-24,16.143
2019-08-25,16.255
2019-08-26,16.037
2019-08-27,16.087
2019-08-28,15.964
2019-08-29,15.924
2019-08-30,15.95
2019-08-31,17.134
2019-09-01,16.289
2019-09-02,16.023
2019-09-03,16.036
2019-09-04,15.965
2019-09-05,15.928
2019-09-06,15.913
2019-09-07,15.897
2019-09-08,15.923
2019-09-09,15.946
2019-09-10,15.917
2019-09-11,15.938
2019-09-12,16.007
2019-09-13,15.94
2019-09-14,15.964
2019-09-15,16.279
2019-09-16,16.554
2019-09-17,16.139
2019-09-18,16.381
2019-09-19,16.457
2019-09-20,16.206
2019-09-21,16.092
2019-09-22,16.019
2019-09-23,15.961
2019-09-24,15.993
2019-09-25,15.98
2019-09-26,15.94
2019-09-27,15.9
2019-09-28,15.9
2019-09-29,15.903
2019-09-30,15.9
2019-10-01,15.854
2019-10-02,16.175
2019-10-03,15.814
2019-10-04,15.806
2019-10-05,15.806
2019-10-06,15.806
2019-10-07,15.806
2019-10-08,15.806
2019-10-09,15.806
2019-10-10,15.806
2019-10-11,15.806
2019-10-12,15.8
2019-10-13,15.8
2019-10-14,15.8
2019-10-15,15.8
2019-10-16,15.8
2019-10-17,15.8
2019-10-18,15.8
2019-10-19,15.8
2019-10-20,15.8
2019-10-21,15.8
2019-10-22,15.8
2019-10-23,15.8
2019-10-24,15.8
2019-10-25,15.8
2019-10-26,15.8
2019-10-27,15.8
2019-10-28,15.8
2019-10-29,15.8
2019-10-30,15.8
2019-10-31,15.8
2019-11-01,15.8
2019-11-02,15.804
2019-11-03,15.8
2019-11-04,15.8
2019-11-05,15.8
2019-11-06,15.87
2019-11-07,15.8
2019-11-08,15.803
2019-11-09,15.8
2019-11-10,15.775
2019-11-11,15.8
2019-11-12,15.8
2019-11-13,15.8
2019-11-14,15.8
2019-11-15,15.767
2019-11-16,15.8
2019-11-17,15.8
2019-11-18,15.8
2019-11-19,15.8
2019-11-20,15.8
2019-11-21,15.8
2019-11-22,15.8
2019-11-23,15.8
2019-11-24,15.8
2019-11-25,15.8
2019-11-26,15.8
2019-11-27,15.8
2019-11-28,15.8
2019-11-29,15.8
2019-11-30,15.8
2019-12-01,15.8
2019-12-02,15.8
2019-12-03,16.64
2019-12-04,15.804
2019-12-05,15.8
2019-12-06,15.801
2019-12-07,15.801
2019-12-08,15.8
2019-12-09,15.8
2019-12-10,15.8
2019-12-11,15.8
2019-12-12,15.8
2019-12-13,15.8
2019-12-14,15.8
2019-12-15,15.8
2019-12-16,15.8
2019-12-17,15.8
2019-12-18,15.8
2019-12-19,15.8
2019-12-20,15.8
2019-12-21,15.8
2019-12-22,15.8
2019-12-23,15.8
2019-12-24,15.8
2019-12-25,15.856
2019-12-26,15.8
2019-12-27,15.765
2019-12-28,15.8
2019-12-29,15.643
2019-12-30,11.192
2019-12-31,9.875
2020-01-01,15.8
2020-01-02,15.8
2020-01-03,15.77
2020-01-04,15.8
2020-01-05,15.8
2020-01-06,15.8
2020-01-07,15.8
2020-01-08,15.8
2020-01-09,15.8
2020-01-10,15.8
2020-01-11,15.8
2020-01-12,15.8
2020-01-13,15.8
2020-01-14,15.8
2020-01-15,15.8
2020-01-16,15.8
2020-01-17,15.8
2020-01-18,15.8
2020-01-19,15.8
2020-01-20,15.8
2020-01-21,15.8
2020-01-22,15.8
2020-01-23,5.267
2020-01-24,15.8
2020-01-25,15.8
2020-01-26,15.8
2020-01-27,15.8
2020-01-28,15.8
2020-01-29,15.8
2020-01-30,15.8
2020-01-31,15.8
2020-02-01,15.8
2020-02-02,15.8
2020-02-03,9.217
2020-02-04,15.8
2020-02-05,15.8
2020-02-06,15.8
2020-02-07,15.8
2020-02-08,15.8
2020-02-09,15.8
2020-02-10,15.8
2020-02-11,15.8
2020-02-12,15.8
2020-02-13,15.8
2020-02-14,15.8
2020-02-15,15.8
2020-02-16,15.8
2020-02-17,15.8
2020-02-18,15.8
2020-02-19,15.8
2020-02-20,15.8
2020-02-21,15.8
2020-02-22,15.77
2020-02-23,15.8
2020-02-24,15.8
2020-02-25,15.8
2020-02-26,15.8
2020-02-27,15.8
2020-02-28,15.8
2020-02-29,15.8
2020-03-01,15.8
2020-03-02,15.8
2020-03-03,15.8
2020-03-04,15.8
2020-03-05,15.8
2020-03-06,15.8
2020-03-07,15.8
2020-03-08,15.8
2020-03-09,15.8
2020-03-10,15.8
2020-03-11,15.8
2020-03-12,15.8
2020-03-13,14.483
2020-03-14,15.8
2020-03-15,15.8
2020-03-16,15.8
2020-03-17,15.8
2020-03-18,15.8
2020-03-19,15.8
2020-03-20,15.8
2020-03-21,15.8
2020-03-22,15.8
2020-03-23,5.925
2020-03-27,5.925
2020-03-28,5.925
2020-03-30,4.608
2020-04-02,5.925
2020-04-03,5.267
2020-04-08,5.263
2020-05-04,15.8
2020-05-05,5.925
2020-05-08,5.263
2020-05-09,5.921
2020-05-11,15.79
2020-05-12,3.29
2020-05-13,5.921
2020-05-14,15.79
2020-05-15,16.284
2020-05-16,15.819
2020-05-17,6.583
2020-05-22,5.925
2020-05-23,5.925
2020-05-25,5.925
2020-05-27,5.925
2020-05-28,2.633
2020-05-29,1.975
2020-05-30,11.192
2020-05-31,5.925
2020-06-02,1.317
2020-06-03,15.8
2020-06-04,15.8
2020-06-05,15.3
2020-06-06,15.8
2020-06-07,15.8
2020-06-08,15.8
2020-06-09,15.8
2020-06-10,15.8
2020-06-11,15.8
2020-06-12,15.8
2020-06-13,15.8
2020-06-14,15.8
2020-06-15,15.8
2020-06-16,15.8
2020-06-17,15.8
2020-06-18,15.8
2020-06-19,9.875
2020-06-20,15.706
2020-06-21,15.812
2020-06-22,15.8
2020-06-23,15.8
2020-06-24,15.8
2020-06-25,15.8
2020-06-26,16.642
2020-06-27,15.8
2020-06-28,15.803
2020-06-29,15.8
2020-06-30,15.8
2020-07-01,15.8
2020-07-02,15.8
2020-07-03,15.8
2020-07-04,15.845
2020-07-05,15.8
2020-07-06,15.8
2020-07-07,15.8
2020-07-08,15.8
2020-07-09,15.8
2020-07-10,15.8
2020-07-11,15.8
2020-07-12,15.808
2020-07-13,15.8
2020-07-14,15.8
2020-07-15,15.8
2020-07-16,15.8
2020-07-17,15.8
2020-07-18,15.8
2020-07-19,15.8
2020-07-20,15.592
2020-07-21,15.8
2020-07-22,15.8
2020-07-23,15.8
2020-07-24,15.8
2020-07-25,15.922
2020-07-26,15.8
2020-07-27,15.834
2020-07-28,15.8
2020-07-29,16.331
2020-07-30,10.718
2020-07-31,15.831
2020-08-01,15.862
2020-08-02,15.813
2020-08-03,15.81
2020-08-04,15.81
2020-08-05,15.81
2020-08-06,15.81
2020-08-07,15.812
2020-08-08,15.909
2020-08-09,15.758
2020-08-10,15.827
2020-08-11,15.812
2020-08-12,15.81
2020-08-13,15.81
2020-08-14,15.884
2020-08-15,15.819
2020-08-16,15.86
2020-08-17,15.82
2020-08-18,15.843
2020-08-19,15.724
2020-08-21,15.879
2020-08-22,15.847
2020-08-23,15.823
2020-08-24,15.83
2020-08-25,15.823
2020-08-26,15.82
2020-08-27,15.82
2020-08-28,11.206
2020-08-29,15.82
2020-08-30,15.82
2020-08-31,15.82
2020-09-01,15.82
2020-09-02,15.81
2020-09-03,15.81
2020-09-04,15.841
2020-09-05,15.82
2020-09-06,15.84
2020-09-07,16.09
2020-09-08,16.105
2020-09-09,16.09
2020-09-10,16.09
2020-09-11,15.899
2020-09-12,15.83
2020-09-13,15.83
2020-09-14,15.83
2020-09-15,15.83
2020-09-16,15.83
2020-09-17,15.826
2020-09-18,15.82
2020-09-19,15.884
2020-09-20,15.836
2020-09-21,15.836
2020-09-22,15.93
2020-09-23,16.288
2020-09-24,15.912
2020-09-25,15.896
2020-09-26,15.878
2020-09-27,15.861
2020-09-28,15.85
2020-09-29,16.045
2020-09-30,16.09
2020-10-01,16.114
2020-10-02,15.893
2020-10-03,16.007
2020-10-04,16.09
2020-10-05,16.09
2020-10-06,16.09
2020-10-07,16.09
2020-10-08,16.09
2020-10-09,16.09
2020-10-10,15.997
2020-10-11,16.888
2020-10-12,16.73
2020-10-13,16.098
2020-10-14,16.319
2020-10-15,16.209
2020-10-16,16.09
2020-10-17,16.047
2020-10-18,16.124
2020-10-19,16.09
2020-10-20,16.46
2020-10-21,16.202
2020-10-22,16.09
2020-10-23,16.098
2020-10-24,16.11
2020-10-25,16.555
2020-10-26,16.936
2020-10-27,16.112
2020-10-28,16.09
2020-10-29,15.965
2020-10-30,16.09
2020-10-31,16.09
2020-11-01,16.08
2020-11-02,15.925
2020-11-03,15.912
2020-11-04,15.916
2020-11-05,15.905
2020-11-06,15.882
2020-11-07,15.877
2020-11-08,15.864
2020-11-09,15.887
2020-11-10,15.87
2020-11-11,18.557
2020-11-12,20.302
2020-11-13,16.328
2020-11-14,16.107
2020-11-15,16.09
2020-11-16,16.09
2020-11-17,16.09
2020-11-18,16.09
2020-11-19,16.09
2020-11-20,15.39
2020-11-21,16.09
2020-11-22,16.09
2020-11-23,15.972
2020-11-24,15.952
2020-11-25,15.899
2020-11-26,15.89
2020-11-27,13.902
2020-11-28,15.88
2020-11-29,15.88
2020-11-30,15.88
2020-12-01,15.816
2020-12-02,15.81
2020-12-03,3.294
2021-01-01,15.8
2021-01-02,15.77
2021-01-03,15.892
2021-01-04,15.8
2021-01-05,15.8
2021-01-06,15.8
2021-01-07,15.8
2021-01-08,15.8
2021-01-09,15.8
2021-01-10,15.8
2021-01-11,15.8
2021-01-12,15.8
2021-01-13,15.8
2021-01-14,15.8
2021-01-15,15.8
2021-01-16,15.8
2021-01-17,15.8
2021-01-18,15.8
2021-01-19,15.8
2021-01-20,16.808
2021-01-21,18.09
2021-01-22,18.09
2021-01-23,18.09
2021-01-24,18.09
2021-01-25,16.112
2021-01-26,15.82
2021-01-27,15.82
2021-01-28,15.823
2021-01-29,15.81
2021-01-30,15.81
2021-01-31,15.81
2021-02-01,15.81
2021-02-02,15.81
2021-02-03,15.81
2021-02-04,15.81
2021-02-05,15.81
2021-02-06,15.81
2021-02-07,15.81
2021-02-08,15.81
2021-02-09,15.81
2021-02-10,15.81
2021-02-11,15.81
2021-02-12,15.81
2021-02-13,15.81
2021-02-14,15.81
2021-02-15,15.81
2021-02-16,15.81
2021-02-17,15.81
2021-02-18,15.81
2021-02-19,15.81
2021-02-20,15.81
2021-02-21,15.81
2021-02-22,15.81
2021-02-23,15.81
2021-02-24,15.81
2021-02-25,15.81
2021-02-26,15.81
2021-02-27,15.81
2021-02-28,15.811
2021-03-01,15.81
2021-03-02,15.81
2021-03-03,15.81
2021-03-04,15.81
2021-03-05,15.81
2021-03-06,15.81
2021-03-07,15.81
2021-03-08,15.81
2021-03-09,15.81
2021-03-10,15.81
2021-03-11,15.81
2021-03-12,15.81
2021-03-13,15.81
2021-03-14,15.81
2021-03-15,15.81
2021-03-16,15.81
2021-03-17,15.81
2021-03-18,15.81
2021-03-19,15.81
2021-03-20,15.81
2021-03-21,15.81
2021-03-22,15.81
2021-03-23,15.81
2021-03-24,15.81
2021-03-25,15.81
2021-03-26,15.81
2021-03-27,15.81
2021-03-28,15.81
2021-03-29,15.81
2021-03-30,15.81
2021-03-31,15.81
2021-04-01,15.797
2021-04-02,15.81
2021-04-03,15.81
2021-04-04,15.819
2021-04-05,15.81
2021-04-06,15.81
2021-04-07,15.81
2021-04-08,15.81
2021-04-09,15.81
2021-04-10,15.81
2021-04-11,15.81
2021-04-12,15.81
2021-04-13,15.81
2021-04-14,15.81
2021-04-15,15.81
2021-04-16,15.81
2021-04-17,15.81
2021-04-18,15.628
2021-04-19,15.81
2021-04-20,15.81
2021-04-21,15.81
2021-04-22,15.81
2021-04-23,15.81
2021-04-24,15.81
2021-04-25,15.81
2021-04-26,15.81
2021-04-27,15.736
2021-04-28,15.81
2021-04-29,4.611
2021-04-30,15.81
2021-05-01,15.81
2021-05-02,15.81
2021-05-03,15.81
2021-05-04,15.81
2021-05-05,15.81
2021-05-06,15.81
2021-05-07,15.81
2021-05-08,15.81
2021-05-09,15.81
2021-05-10,15.81
2021-05-11,15.81
2021-05-12,15.81
2021-05-13,15.81
2021-05-14,15.81
2021-05-15,15.81
2021-05-16,15.81
2021-05-17,15.81
2021-05-18,15.81
2021-05-19,15.81
2021-05-20,15.81
2021-05-21,15.81
2021-05-22,15.81
2021-05-23,15.81
2021-05-24,15.818
2021-05-25,15.82
2021-05-26,15.82
2021-05-27,15.82
2021-05-28,13.959
2021-05-29,15.82
2021-05-30,15.157
2021-05-31,15.81
2021-06-01,15.81
2021-06-02,15.815
2021-06-03,15.81
2021-06-04,15.81
2021-06-05,15.81
2021-06-06,15.81
2021-06-07,15.643
2021-06-08,15.81
2021-06-09,15.935
2021-06-10,15.81
2021-06-11,13.834
2021-06-12,15.81
2021-06-13,15.81
2021-06-14,15.81
2021-06-15,15.81
2021-06-16,15.81
2021-06-17,15.81
2021-06-18,15.81
2021-06-19,15.81
2021-06-20,15.81
2021-06-21,15.81
2021-06-22,15.81
2021-06-23,15.81
2021-06-24,15.616
2021-06-25,15.81
2021-06-26,15.81
2021-06-27,15.902
2021-06-28,15.81
2021-06-29,15.81
2021-06-30,15.81
2021-07-01,15.81
2021-07-02,15.83
2021-07-03,14.582
2021-07-04,15.779
2021-07-05,15.782
2021-07-06,16.047
2021-07-07,15.831
2021-07-08,15.83
2021-07-09,15.83
2021-07-10,15.83
2021-07-11,15.83
2021-07-12,15.83
2021-07-13,15.833
2021-07-14,15.83
2021-07-15,15.83
2021-07-16,15.83
2021-07-17,15.83
2021-07-18,15.826
2021-07-19,15.82
2021-07-20,15.855
2021-07-21,15.965
2021-07-22,16.28
2021-07-23,17.19
2021-07-24,17.8
2021-07-25,17.384
2021-07-26,16.226
2021-07-27,17.205
2021-07-28,17.321
2021-07-29,16.503
2021-07-30,16.111
2021-07-31,15.993
2021-08-01,16.635
2021-08-02,16.402
2021-08-03,16.048
2021-08-04,15.924
2021-08-05,15.946
2021-08-06,15.905
2021-08-07,15.869
2021-08-08,15.898
2021-08-09,15.89
2021-08-10,15.894
2021-08-11,15.892
2021-08-12,15.89
2021-08-13,15.88
2021-08-14,16.012
2021-08-15,15.942
2021-08-16,15.89
2021-08-17,15.885
2021-08-18,15.95
2021-08-19,16.027
2021-08-21,16.012
2021-08-22,15.983
2021-08-23,15.928
2021-08-24,15.914
2021-08-25,15.921
2021-08-26,15.923
2021-08-27,15.891
2021-08-28,15.917
2021-08-29,15.951
2021-08-30,15.917
2021-08-31,15.914
2021-09-01,15.909
2021-09-02,16.046
2021-09-03,16.089
2021-09-04,15.956
2021-09-05,15.974
2021-09-06,15.922
2021-09-07,16.083
2021-09-08,16.189
2021-09-09,17.142
2021-09-10,15.974
2021-09-11,16.1
2021-09-12,15.329
2021-09-13,15.964
2021-09-14,15.912
2021-09-15,15.92
2021-09-16,15.928
2021-09-17,16.237
2021-09-18,15.92
2021-09-19,9.69
2021-09-20,15.911
2021-09-21,15.916
2021-09-22,15.91
2021-09-23,15.905
2021-09-24,15.9
2021-09-25,15.9
2021-09-26,15.9
2021-09-27,15.9
2021-09-28,15.951
2021-09-29,15.291
2021-09-30,15.788
2021-10-01,15.921
2021-10-02,15.944
2021-10-03,15.918
2021-10-04,15.921
2021-10-05,15.95
2021-10-06,15.912
2021-10-07,15.9
2021-10-08,15.9
2021-10-09,15.901
2021-10-10,15.9
2021-10-11,15.9
2021-10-12,15.9
2021-10-13,15.908
2021-10-14,15.947
2021-10-15,15.968
2021-10-16,15.929
2021-10-17,15.913
2021-10-18,15.893
2021-10-19,15.9
2021-10-20,15.9
2021-10-21,15.9
2021-10-22,15.9
2021-10-23,15.9
2021-10-24,15.9
2021-10-25,15.9
2021-10-26,15.9
2021-10-27,15.9
2021-11-01,15.89
2021-11-02,15.89
2021-11-03,15.883
2021-11-04,15.88
2021-11-05,15.88
2021-11-06,15.88
2021-11-07,15.89
2021-11-08,15.897
2021-11-09,15.892
2021-11-10,15.885
2021-11-11,15.88
2021-11-12,15.88
2021-11-13,15.88
2021-11-14,15.88
2021-11-15,15.88
2021-11-16,15.88
2021-11-17,15.88
2021-11-18,15.88
2021-11-19,15.88
2021-11-20,15.88
2021-11-21,15.88
2021-11-22,15.88
2021-11-23,15.88
2021-11-24,15.88
2021-11-25,15.88
2021-11-26,15.88
2021-11-27,15.88
2021-11-28,15.88
2021-11-29,15.88
2021-11-30,15.872
2021-12-01,15.88
2021-12-02,15.88
2021-12-03,15.88
2021-12-04,15.88
2021-12-05,15.88
2021-12-06,15.88
2021-12-07,15.88
2021-12-08,15.88
2021-12-09,15.876
2021-12-10,15.87
2021-12-11,15.87
2021-12-12,15.87
2021-12-13,15.87
2021-12-14,15.87
2021-12-15,15.871
2021-12-16,15.87
2021-12-17,13.886
2021-12-18,15.876
2021-12-19,15.882
2021-12-20,15.87
2021-12-21,5.52
2021-12-22,15.872
2021-12-23,6.9
2021-12-24,15.87
2021-12-26,15.87
2021-12-27,15.87
2021-12-28,15.87
2021-12-29,15.877
2022-01-01,15.87
2022-01-02,15.87
2022-01-03,15.87
2022-01-04,15.87
2022-01-05,15.87
2022-01-06,15.87
2022-01-07,15.87
2022-01-08,15.87
2022-01-09,15.87
2022-01-10,15.87
2022-01-11,15.867
2022-01-12,15.86
2022-01-13,15.858
2022-01-14,15.86
2022-01-15,15.86
2022-01-16,15.86
2022-01-17,15.86
2022-01-18,15.86
2022-01-19,15.86
2022-01-20,15.849
2022-01-21,15.86
2022-01-22,15.86
2022-01-23,15.846
2022-01-24,15.86
2022-01-25,15.86
2022-01-26,15.86
2022-01-27,15.86
2022-01-28,15.86
2022-01-29,15.86
2022-01-30,15.86
2022-01-31,15.86
2022-02-01,15.86
2022-02-02,15.86
2022-02-03,15.86
2022-02-04,15.86
2022-02-05,15.861
2022-02-06,15.86
2022-02-07,15.86
2022-02-08,15.86
2022-02-09,15.86
2022-02-10,15.86
2022-02-11,15.859
2022-02-12,15.86
2022-02-13,15.86
2022-02-14,15.86
2022-02-15,15.86
2022-02-16,15.86
2022-02-17,15.86
2022-02-18,15.86
2022-02-19,15.861
2022-02-20,15.86
2022-02-21,15.86
2022-02-22,15.86
2022-02-23,15.86
2022-02-24,15.86
2022-02-25,15.86
2022-02-26,15.86
2022-02-27,15.86
2022-02-28,15.86
2022-03-01,15.86
2022-03-02,15.86
2022-03-03,15.86
2022-03-04,15.663
2022-03-05,15.86
2022-03-06,15.86
2022-03-07,15.86
2022-03-08,15.86
2022-03-09,15.86
2022-03-10,15.86
2022-03-11,15.86
2022-03-12,15.86
2022-03-13,15.86
2022-03-14,15.86
2022-03-15,15.867
2022-03-16,15.86
2022-03-17,15.86
2022-03-18,15.86
2022-03-19,15.86
2022-03-20,15.843
2022-03-21,15.86
2022-03-22,15.86
2022-03-23,15.86
2022-03-24,15.86
2022-03-25,15.86
2022-03-26,15.86
2022-03-27,15.86
2022-03-28,15.86
2022-03-29,15.86
2022-03-30,15.86
2022-03-31,15.86
2022-04-01,15.86
2022-04-02,15.86
2022-04-03,15.86
2022-04-04,15.863
2022-04-05,15.891
2022-04-06,15.54
2022-04-07,15.86
2022-04-08,15.863
2022-04-09,15.86
2022-04-10,15.86
2022-04-11,15.86
2022-04-12,15.86
2022-04-13,15.86
2022-04-14,15.86
2022-04-15,15.86
2022-04-16,15.86
2022-04-17,15.86
2022-04-18,15.86
2022-04-19,15.86
2022-04-20,15.86
2022-04-21,15.86
2022-04-22,15.86
2022-04-23,15.86
2022-04-24,15.86
2022-04-25,15.86
2022-04-26,15.86
2022-04-27,15.86
2022-04-28,15.86
2022-04-29,15.86
2022-04-30,15.86
2022-05-01,15.86
2022-05-02,15.652
2022-05-03,15.86
2022-05-04,15.86
2022-05-05,15.86
2022-05-06,15.735
2022-05-07,15.86
2022-05-08,15.86
2022-05-09,15.86
2022-05-10,15.86
2022-05-11,15.86
2022-05-12,15.86
2022-05-13,15.86
2022-05-14,15.86
2022-05-15,15.86
2022-05-16,15.86
2022-05-17,15.86
2022-05-18,15.86
2022-05-19,15.86
2022-05-20,15.86
2022-05-21,15.828
2022-05-22,15.913
2022-05-23,15.867
2022-05-24,15.86
2022-05-25,15.86
2022-05-26,15.86
2022-05-27,15.863
2022-05-28,15.86
2022-05-29,15.86
2022-05-30,15.86
2022-05-31,15.863
2022-06-01,15.86
2022-06-02,15.86
2022-06-03,15.86
2022-06-04,15.86
2022-06-05,15.86
2022-06-06,15.86
2022-06-07,15.86
2022-06-08,15.86
2022-06-09,15.86
2022-06-10,15.86
2022-06-11,15.86
2022-06-12,15.86
2022-06-13,15.862
2022-06-14,15.86
2022-06-15,15.874
2022-06-16,15.86
2022-06-17,15.86
2022-06-18,15.86
2022-06-19,15.964
2022-06-20,15.87
2022-06-21,15.866
2022-06-22,15.9
2022-06-23,15.87
2022-06-24,15.87
2022-06-25,15.87
2022-06-26,15.87
2022-06-27,15.87
2022-06-28,15.87
2022-06-29,15.87
2022-06-30,15.87
2022-07-01,15.87
2022-07-02,15.87
2022-07-03,15.871
2022-07-04,15.87
2022-07-05,15.87
2022-07-06,15.87
2022-07-07,15.87
2022-07-08,15.832
2022-07-09,15.868
2022-07-10,15.87
2022-07-11,15.87
2022-07-12,15.87
2022-07-13,15.87
2022-07-14,15.857
2022-07-15,15.87
2022-07-16,15.922
2022-07-17,15.87
2022-07-18,15.87
2022-07-19,15.87
2022-07-20,15.87
2022-07-21,15.87
2022-07-22,15.87
2022-07-23,15.87
2022-07-24,15.863
2022-07-25,15.868
2022-07-26,15.87
2022-07-27,15.87
2022-07-28,15.87
2022-07-29,15.87
2022-07-30,16.065
2022-07-31,15.906
2022-08-01,16.41
2022-08-02,15.907
2022-08-03,15.701
2022-08-04,15.938
2022-08-05,15.917
2022-08-06,15.955
2022-08-07,15.887
2022-08-08,15.88
2022-08-09,15.88
2022-08-10,15.88
2022-08-11,15.88
2022-08-12,15.887
2022-08-13,15.915
2022-08-14,15.907
2022-08-15,15.88
2022-08-16,15.88
2022-08-17,15.88
2022-08-18,15.88
2022-08-19,15.88
2022-08-20,15.88
2022-08-21,15.884
2022-08-22,15.9
2022-08-23,17.24
2022-08-24,16.049
2022-08-25,15.88
2022-08-26,15.876
2022-08-27,15.87
2022-08-28,15.87
2022-08-29,15.87
2022-08-30,15.87
2022-08-31,15.87
2022-09-01,15.87
2022-09-02,15.87
2022-09-03,16.038
2022-09-04,15.891
2022-09-05,15.883
2022-09-06,15.88
2022-09-07,15.88
2022-09-08,15.88
2022-09-09,15.933
2022-09-10,16.179
2022-09-11,15.89
2022-09-12,15.89
2022-09-13,15.89
2022-09-14,15.887
2022-09-15,15.88
2022-09-16,15.88
2022-09-17,15.88
2022-09-18,15.88
2022-09-19,15.88
2022-09-20,15.955
2022-09-21,15.854
2022-09-22,15.88
2022-09-23,16.039
2022-09-24,15.884
2022-09-25,18.107
2022-09-26,16.776
2022-09-27,16.069
2022-09-28,16.09
2022-09-29,15.954
2022-09-30,15.891
2022-10-01,15.889
2022-10-02,15.89
2022-10-03,15.89
2022-10-04,15.89
2022-10-05,15.228
2022-10-06,15.765
2022-10-07,15.228
2022-10-08,15.89
2022-10-09,15.889
2022-10-10,15.89
2022-10-11,15.919
2022-10-12,15.89
2022-10-13,15.982
2022-10-14,15.89
2022-10-15,15.89
2022-10-16,15.89
2022-10-17,15.89
2022-10-18,15.89
2022-10-19,15.925
2022-10-20,15.941
2022-10-21,15.892
2022-10-22,15.89
2022-10-23,15.89
2022-10-24,15.89
2022-10-25,16.312
2022-10-26,15.929
2022-10-27,15.896
2022-10-28,15.926
2022-10-29,19.059
2022-10-30,16.762
2022-10-31,16.092
2022-11-01,16.09
2022-11-02,16.09
2022-11-03,16.09
2022-11-04,16.019
2022-11-05,15.944
2022-11-06,15.95
2022-11-07,15.95
2022-11-08,15.935
2022-11-09,15.897
2022-11-10,15.88
2022-11-11,15.88
2022-11-12,15.88
2022-11-13,15.847
2022-11-14,15.88
2022-11-15,15.88
2022-11-16,15.88
2022-11-17,15.88
2022-11-18,15.88
2022-11-19,15.88
2022-11-20,15.88
2022-11-21,15.874
2022-11-22,15.87
2022-11-23,15.857
2022-11-24,15.87
2022-11-25,15.87
2022-11-26,15.87
2022-11-27,15.87
2022-11-28,15.87
2022-11-29,15.87
2022-11-30,15.87
2022-12-01,15.87
2022-12-02,15.87
2022-12-03,15.87
2022-12-04,15.87
2022-12-05,15.87
2022-12-06,15.87
2022-12-07,15.87
2022-12-08,15.87
2022-12-09,15.87
2022-12-10,15.909
2022-12-11,15.88
2022-12-12,15.877
2022-12-13,15.87
2022-12-14,15.87
2022-12-15,15.87
2022-12-16,15.87
2022-12-17,15.849
2022-12-18,15.87
2022-12-19,15.87
2022-12-20,15.87
2022-12-21,15.87
2022-12-22,15.87
2022-12-23,15.87
2022-12-24,15.87
2022-12-25,15.87
2022-12-26,15.87
2022-12-27,15.87
2022-12-28,15.87
2022-12-29,15.87
2022-12-30,15.87
2022-12-31,15.87
2023-01-01,15.87
2023-01-02,15.87
2023-01-03,15.745
2023-01-04,15.87
2023-01-05,16.24
2023-01-06,15.877
2023-01-07,15.88
2023-01-08,15.87
2023-01-09,15.87
2023-01-10,15.87
2023-01-11,15.87
2023-01-12,15.87
2023-01-13,15.87
2023-01-14,15.87
2023-01-15,15.87
2023-01-16,15.87
2023-01-17,15.87
2023-01-18,15.87
2023-01-19,15.87
2023-01-20,15.87
2023-01-21,15.87
2023-01-22,15.87
2023-01-23,15.87
2023-01-24,15.87
2023-01-25,15.87
2023-01-26,15.87
2023-01-27,15.87
2023-01-28,15.87
2023-01-29,15.87
2023-01-30,15.87
2023-01-31,15.87
2023-02-01,15.87
2023-02-02,15.87
2023-02-03,15.87
2023-02-04,15.745
2023-02-05,15.87
2023-02-06,15.87
2023-02-07,15.87
2023-02-08,15.87
2023-02-09,15.87
2023-02-10,15.836
2023-02-11,15.87
2023-02-12,15.87
2023-02-13,15.87
2023-02-14,15.87
2023-02-15,15.87
2023-02-16,15.87
2023-02-17,15.87
2023-02-18,15.87
2023-02-19,15.87
2023-02-20,15.87
2023-02-21,15.87
2023-02-22,15.87
2023-02-23,15.87
2023-02-24,15.87
2023-02-25,15.87
2023-02-26,15.87
2023-02-27,15.87
2023-02-28,11.241
2023-03-01,15.87
2023-03-02,15.87
2023-03-03,15.87
2023-03-04,15.87
2023-03-05,15.87
2023-03-06,15.87
2023-03-07,15.87
2023-03-08,15.87
2023-03-09,15.87
2023-03-10,15.87
2023-03-11,15.87
2023-03-12,15.87
2023-03-13,15.87
2023-03-14,15.87
2023-03-15,15.87
2023-03-16,15.87
2023-03-17,15.87
2023-03-18,15.87
2023-03-19,15.87
2023-03-20,15.87
2023-03-21,15.87
2023-03-22,15.87
2023-03-23,15.87
2023-03-24,15.87
2023-03-25,15.87
2023-03-26,15.87
2023-03-27,15.87
2023-03-28,15.87
2023-03-29,15.87
2023-03-30,15.87
2023-03-31,15.87
2023-04-01,15.87
2023-04-02,15.87
2023-04-03,15.87
2023-04-04,15.87
2023-04-05,15.87
2023-04-06,15.87
2023-04-07,15.87
2023-04-08,15.87
2023-04-09,15.87
2023-04-10,15.87
2023-04-11,15.87
2023-04-12,15.87
2023-04-13,15.915
2023-04-14,15.834
2023-04-15,15.87
2023-04-16,15.839
2023-04-17,15.87
2023-04-18,15.87
2023-04-19,15.87
2023-04-20,15.87
2023-04-21,15.87
2023-04-22,15.87
2023-04-23,15.87
2023-04-24,15.87
2023-04-25,15.87
2023-04-26,15.87
2023-04-27,15.87
2023-04-28,15.87
2023-04-29,15.87
2023-04-30,15.87
2023-05-01,15.87
2023-05-02,15.868
2023-05-03,15.87
2023-05-04,15.87
2023-05-05,15.87
2023-05-06,15.87
2023-05-07,15.87
2023-05-08,15.863
2023-05-09,15.87
2023-05-10,15.867
2023-05-11,15.87
2023-05-12,15.87
2023-05-13,15.87
2023-05-14,15.87
2023-05-15,15.87
2023-05-16,15.87
2023-05-17,15.87
2023-05-18,15.87
2023-05-19,15.87
2023-05-20,15.87
2023-05-21,15.895
2023-05-22,15.886
2023-05-23,15.887
2023-05-24,15.911
2023-05-25,15.913
2023-05-26,15.91
2023-05-27,15.91
2023-05-28,15.91
2023-05-29,15.91
2023-05-30,15.91
2023-05-31,15.91
2023-06-01,15.9
2023-06-02,15.9
2023-06-03,15.9
2023-06-04,15.9
2023-06-05,15.9
2023-06-06,15.9
2023-06-07,15.89
2023-06-08,15.9
2023-06-09,15.9
2023-06-10,15.897
2023-06-11,15.92
2023-06-12,15.89
2023-06-13,15.89
2023-06-14,15.89
2023-06-15,15.89
2023-06-16,15.89
2023-06-17,15.89
2023-06-18,15.889
2023-06-19,15.89
2023-06-20,15.89
2023-06-21,15.89
2023-06-22,15.89
2023-06-23,15.89
2023-06-24,15.89
2023-06-25,15.89
2023-06-26,15.89
2023-06-27,15.89
2023-06-28,15.89
2023-06-29,15.89
2023-06-30,15.89
2023-07-01,15.89
2023-07-02,15.723
2023-07-03,15.89
2023-07-04,15.89
2023-07-05,15.89
2023-07-06,15.89
2023-07-07,15.89
2023-07-08,15.89
2023-07-09,15.89
2023-07-10,15.89
2023-07-11,15.89
2023-07-12,15.888
2023-07-13,16.079
2023-07-14,15.82
2023-07-15,15.967
2023-07-16,15.981
2023-07-17,15.9
2023-07-18,15.9
2023-07-19,15.9
2023-07-20,15.915
2023-07-21,15.921
2023-07-22,15.92
2023-07-23,15.92
2023-07-24,16.026
2023-07-25,15.979
2023-07-26,16.665
2023-07-27,17.772
2023-07-28,17.217
2023-07-29,18.084
2023-07-30,16.765
2023-07-31,16.523
2023-08-01,16.512
2023-08-02,17.28
2023-08-03,16.939
2023-08-04,16.013
2023-08-05,15.94
2023-08-06,15.94
2023-08-07,15.815
2023-08-08,15.811
2023-08-09,15.93
2023-08-10,15.645
2023-08-11,15.954
2023-08-12,15.938
2023-08-13,15.93
2023-08-14,15.955
2023-08-15,15.927
2023-08-16,15.92
2023-08-17,15.92
2023-08-18,15.915
2023-08-19,15.91
2023-08-20,15.91
2023-08-21,15.91
2023-08-22,15.933
2023-08-23,16.111
2023-08-24,16.026
2023-08-25,15.927
2023-08-26,15.92
2023-08-27,15.92
2023-08-28,15.92
2023-08-29,15.92
2023-08-30,16.507
2023-08-31,17.604
2023-09-01,17.345
2023-09-02,17.561
2023-09-03,17.414
2023-09-04,16.834
2023-09-05,16.145
2023-09-06,15.987
2023-09-07,15.94
2023-09-08,15.94
2023-09-09,16.02
2023-09-10,15.946
2023-09-11,15.94
2023-09-12,16.277
2023-09-13,16.024
2023-09-14,16.046
2023-09-15,15.966
2023-09-17,15.983
2023-09-18,15.96
2023-09-19,14.801
2023-09-20,15.94
2023-09-21,15.959
2023-09-22,15.96
2023-09-23,15.998
2023-09-24,15.957
2023-09-25,15.982
2023-09-26,16.305
2023-09-27,16.002
2023-09-28,16.003
2023-09-29,16.035
2023-09-30,15.972
2023-10-01,15.962
2023-10-02,15.131
2023-10-03,15.968
2023-10-04,15.96
2023-10-05,15.96
2023-10-06,15.969
2023-10-07,15.96
2023-10-08,15.96
2023-10-09,15.94
2023-10-10,15.815
2023-10-11,15.94
2023-10-12,15.94
2023-10-13,15.94
2023-10-14,15.94
2023-10-15,15.868
2023-10-16,15.94
2023-10-17,15.94
2023-10-18,15.94
2023-11-01,15.929
2023-11-02,15.909
2023-11-03,15.958
2023-11-04,15.933
2023-11-05,15.928
2023-11-06,15.93
2023-11-07,15.93
2023-11-08,15.93
2023-11-09,15.93
2023-11-10,15.93
2023-11-11,15.93
2023-11-12,15.805
2023-11-13,15.93
2023-11-14,15.93
2023-11-15,15.93
2023-11-16,15.93
2023-11-17,15.93
2023-11-18,15.93
2023-11-19,15.93
2023-11-20,15.93
2023-11-21,15.495
2023-11-22,15.93
2023-11-23,15.933
2023-11-24,15.93
2023-11-25,15.93
2023-11-26,15.93
2023-11-27,15.931
2023-11-28,15.93
2023-11-29,15.93
2023-11-30,15.93
2023-12-01,15.93
2023-12-02,15.928
2023-12-03,15.93
2023-12-04,15.93
2023-12-05,15.93
2023-12-06,15.93
2023-12-07,15.93
2023-12-08,15.93
2023-12-09,15.93
2023-12-10,15.93
2023-12-11,15.93
2023-12-12,15.93
2023-12-13,15.93
2023-12-14,15.93
2023-12-15,15.93
2023-12-16,15.93
2023-12-17,15.93
2023-12-18,15.93
2023-12-19,15.93
2023-12-20,15.93
2023-12-21,15.93
2023-12-22,15.93
2023-12-23,15.93
2023-12-24,15.93
2023-12-25,15.93
2023-12-26,15.93
2023-12-27,15.93
2023-12-28,15.93
2023-12-29,15.93
2023-12-30,15.93
2024-01-01,15.93
2024-01-02,15.93
2024-01-03,15.93
2024-01-04,15.93
2024-01-05,15.93
2024-01-06,15.93
2024-01-07,15.93
2024-01-08,15.93
2024-01-09,15.93
2024-01-10,15.93
2024-01-11,15.93
2024-01-12,15.93
2024-01-13,15.93
2024-01-14,15.904
2024-01-15,15.904
2024-01-16,15.93
2024-01-17,15.93
2024-01-18,15.93
2024-01-19,15.93
2024-01-20,15.93
2024-01-21,15.93
2024-01-22,15.93
2024-01-23,15.93
2024-01-24,15.93
2024-01-25,15.93
2024-01-26,15.93
2024-01-27,15.93
2024-01-28,15.93
2024-01-29,15.93
2024-01-30,15.93
2024-01-31,15.93
2024-02-01,15.93
2024-02-02,15.93
2024-02-03,15.93
2024-02-04,15.93
2024-02-05,15.93
2024-02-06,15.93
2024-02-07,15.93
2024-02-08,15.93
2024-02-09,15.93
2024-02-10,15.93
2024-02-11,15.93
2024-02-12,15.93
2024-02-13,15.93
2024-02-14,15.93
2024-02-15,15.93
2024-02-16,15.93
2024-02-17,15.93
2024-02-18,15.93
2024-02-19,15.93
2024-02-20,15.93
2024-02-21,15.93
2024-02-22,15.93
2024-02-23,15.93
2024-02-24,15.93
2024-02-25,15.93
2024-02-26,15.93
2024-02-27,15.93
2024-02-28,15.93
2024-02-29,15.93
2024-03-01,15.93
2024-03-02,15.93
2024-03-03,15.93
2024-03-04,15.93
2024-03-05,15.93
2024-03-06,15.93
2024-03-07,15.93
2024-03-08,15.93
2024-03-09,15.93
2024-03-10,15.93
2024-03-11,15.93
2024-03-12,15.93
2024-03-13,15.93
2024-03-14,15.93
2024-03-15,15.93
2024-03-16,15.93
2024-03-17,15.93
2024-03-18,15.93
2024-03-19,15.93
2024-03-20,15.93
2024-03-21,15.93
2024-03-22,15.93
2024-03-23,15.93
2024-03-24,15.93
2024-03-25,15.93
2024-03-26,15.93
2024-03-27,15.93
2024-03-28,15.93
2024-03-29,15.93
2024-03-30,15.93
2024-03-31,15.93
2024-04-01,15.93
2024-04-02,15.93
2024-04-03,15.93
2024-04-04,15.93
2024-04-05,15.93
2024-04-06,15.93
2024-04-07,15.93
2024-04-08,15.93
2024-04-09,15.93
2024-04-10,15.93
2024-04-11,15.93
2024-04-12,15.93
2024-04-13,15.93
2024-04-14,15.93
2024-04-15,15.93
2024-04-16,15.93
2024-04-17,15.934
2024-04-18,15.93
2024-04-19,15.93
2024-04-20,15.93
2024-04-21,15.93
2024-04-22,15.93
2024-04-23,15.93
2024-04-24,15.93
2024-04-25,15.93
2024-04-26,15.93
2024-04-27,15.93
2024-04-28,15.93
2024-04-29,15.93
2024-04-30,15.93
2024-05-01,15.93
2024-05-02,15.93
2024-05-03,15.93
2024-05-04,15.93
2024-05-05,15.93
2024-05-06,15.93
2024-05-07,15.93
2024-05-08,15.93
2024-05-09,15.93
2024-05-10,15.93
2024-05-11,15.93
2024-05-12,15.93
2024-05-13,15.93
2024-05-14,15.93
2024-05-15,15.93
2024-05-16,15.93
2024-05-17,15.93
2024-05-18,15.93
2024-05-19,15.93
2024-05-20,15.93
2024-05-21,15.93
2024-05-22,15.93
2024-05-23,15.93
2024-05-24,15.93
2024-05-25,15.93
2024-05-26,15.93
2024-05-27,15.93
2024-05-28,15.93
2024-05-29,15.93
2024-05-30,15.93
2024-05-31,15.93
2024-06-01,15.93
2024-06-02,15.93
2024-06-03,15.93
2024-06-04,15.93
2024-06-05,15.938
2024-06-06,15.944
2024-06-07,15.93
2024-06-08,15.93
2024-06-09,15.93
2024-06-10,15.93
2024-06-11,15.93
2024-06-12,15.93
2024-06-13,15.93
2024-06-14,15.93
2024-06-15,15.891
2024-06-16,15.93
2024-06-17,15.93
2024-06-18,15.953
2024-06-19,15.94
2024-06-20,15.94
2024-06-21,15.94
2024-06-22,15.94
2024-06-23,15.94
2024-06-24,15.94
2024-06-25,15.94
2024-06-26,15.94
2024-06-27,15.94
2024-06-28,15.94
2024-06-29,15.94
2024-06-30,15.94
2024-07-01,15.94
2024-07-02,15.94
2024-07-03,15.94
2024-07-04,15.94
2024-07-05,15.94
2024-07-06,15.94
2024-07-07,15.94
2024-07-08,15.94
2024-07-09,15.94
2024-07-10,15.94
2024-07-11,15.94
2024-07-12,15.94
2024-07-13,15.94
2024-07-14,15.94
2024-07-15,15.94
2024-07-16,15.94
2024-07-17,15.94
2024-07-18,15.94
2024-07-19,15.94
2024-07-20,15.94
2024-07-21,15.94
2024-07-22,16.017
2024-07-23,16.815
2024-07-24,20.596
2024-07-25,17.126
2024-07-26,16.594
2024-07-27,16.287
2024-07-28,16.171
2024-07-29,16.05
2024-07-30,16.045
2024-07-31,16.04
2024-08-01,16.04
2024-08-02,16.04
2024-08-03,16.04
2024-08-04,16.04
2024-08-05,16.04
2024-08-06,16.04
2024-08-07,16.058
2024-08-08,16.06
2024-08-09,15.954
2024-08-10,15.929
2024-08-11,15.92
2024-08-12,15.92
2024-08-13,15.923
2024-08-14,15.92
2024-08-15,15.915
2024-08-16,15.91
2024-08-17,15.91
2024-08-18,15.91
2024-08-19,15.91
2024-08-20,15.917
2024-08-21,15.92
2024-08-22,15.92
2024-08-23,15.92
2024-08-24,15.92
2024-08-25,15.913
2024-08-26,15.91
2024-08-27,16.097
2024-08-28,15.939
2024-08-29,15.92
2024-08-30,15.946
2024-08-31,15.92
2024-09-01,16.126
2024-09-02,17.734
2024-09-03,17.145
2024-09-04,17.22
2024-09-05,17.074
2024-09-06,16.398
2024-09-07,16.105
2024-09-08,16.021
2024-09-09,16.0
2024-09-10,16.0
2024-09-11,16.019
2024-09-12,16.0
2024-09-13,16.0
2024-09-14,16.0
2024-09-15,16.02
2024-09-16,16.0
2024-09-17,16.076
2024-09-18,16.038
2024-09-19,16.0
2024-09-20,16.0
2024-09-21,16.0
2024-09-22,16.0
2024-09-23,16.0
2024-09-24,16.0
2024-09-25,16.0
2024-09-26,16.0
2024-09-27,16.0
2024-09-28,16.0
2024-09-29,16.0
2024-09-30,16.0
2024-10-01,16.0
2024-10-02,16.0
2024-10-03,16.0
2024-10-04,16.0
2024-10-05,16.0
2024-10-06,16.003
2024-10-07,16.0
2024-10-08,16.005
2024-10-09,16.0
2024-10-10,16.0
2024-10-11,16.0
2024-10-12,16.011
2024-10-13,16.0
2024-10-14,16.0
2024-10-15,16.0
2024-10-16,16.0
2024-10-17,16.0
2024-10-18,16.0
2024-10-19,16.0
2024-10-20,16.0
2024-10-21,16.0
2024-10-22,16.052
2024-10-23,16.03
2024-10-24,17.956
2024-10-25,16.603
2024-10-26,16.103
2024-10-27,15.816
2024-10-28,15.076
2024-10-29,15.054
2024-11-01,15.09
2024-11-05,15.07
2024-11-20,15.82
2024-11-21,15.8
2024-11-22,15.8
2024-11-23,15.8
2024-11-24,15.783
2024-11-25,15.8
2024-11-26,15.8
2024-11-27,15.8
2024-11-28,15.8
2024-11-29,15.8
2024-11-30,15.8
2024-12-01,15.8
2024-12-02,15.803
2024-12-03,15.8
2024-12-04,15.8
2024-12-05,15.8
2024-12-06,15.8
2024-12-07,15.8
2024-12-08,15.8
